data,ATS,temperatura_C,umidita_assoluta_gm3,umidita_relativa_pct
2021-01-01,ATS_Bergamo,-0.4097944,42.7261,89.30342
2021-01-02,ATS_Bergamo,3.220751,50.30759,82.04235
2021-01-03,ATS_Bergamo,3.5015826,54.248955,87.20294
2021-01-04,ATS_Bergamo,1.7252502,43.66828,77.95408
2021-01-05,ATS_Bergamo,0.1701791,38.069668,75.34614
2021-01-06,ATS_Bergamo,-0.16969953,42.715153,86.85331
2021-01-07,ATS_Bergamo,-1.0977129,31.634892,67.35681
2021-01-08,ATS_Bergamo,-2.1435068,24.503256,56.52386
2021-01-09,ATS_Bergamo,-2.6958225,23.965544,58.134224
2021-01-10,ATS_Bergamo,-1.155365,23.2319,50.434254
2021-01-11,ATS_Bergamo,-2.0639865,22.390223,51.178246
2021-01-12,ATS_Bergamo,-1.251382,26.022617,57.587128
2021-01-13,ATS_Bergamo,3.236655,31.39512,51.165123
2021-01-14,ATS_Bergamo,3.629617,44.739876,70.863884
2021-01-15,ATS_Bergamo,0.77352035,39.891136,78.52185
2021-01-16,ATS_Bergamo,-0.6770935,26.991472,55.751728
2021-01-17,ATS_Bergamo,1.0691049,25.876596,49.07842
2021-01-18,ATS_Bergamo,-0.0068228585,30.90327,62.69037
2021-01-19,ATS_Bergamo,0.8941607,29.662434,56.779602
2021-01-20,ATS_Bergamo,1.6320932,39.70879,72.73991
2021-01-21,ATS_Bergamo,3.0309842,53.70752,89.87526
2021-01-22,ATS_Bergamo,3.8966718,55.33911,87.03313
2021-01-23,ATS_Bergamo,3.757442,43.40201,67.523125
2021-01-24,ATS_Bergamo,2.6928494,34.294033,57.69339
2021-01-25,ATS_Bergamo,1.6468462,30.490038,54.756584
2021-01-26,ATS_Bergamo,2.0522592,23.29194,42.503864
2021-01-27,ATS_Bergamo,-0.08215768,29.279667,61.535534
2021-01-28,ATS_Bergamo,3.6448932,46.471287,74.89052
2021-01-29,ATS_Bergamo,3.7106366,45.2783,71.98619
2021-01-30,ATS_Bergamo,6.0142083,44.334408,60.48617
2021-01-31,ATS_Bergamo,6.4530334,51.11167,67.19353
2021-02-01,ATS_Bergamo,3.9729483,53.765724,84.49587
2021-02-02,ATS_Bergamo,4.587415,48.668148,73.06771
2021-02-03,ATS_Bergamo,3.4891663,56.56026,91.68968
2021-02-04,ATS_Bergamo,7.279868,56.12127,70.22945
2021-02-05,ATS_Bergamo,7.0996923,63.031013,80.38042
2021-02-06,ATS_Bergamo,7.1940002,62.77002,79.42247
2021-02-07,ATS_Bergamo,3.2133572,59.857395,98.143394
2021-02-08,ATS_Bergamo,4.703138,43.428226,63.72691
2021-02-09,ATS_Bergamo,4.9231787,50.574463,74.9214
2021-02-10,ATS_Bergamo,3.77645,58.907642,92.98358
2021-02-11,ATS_Bergamo,5.1704583,38.389935,53.22092
2021-02-12,ATS_Bergamo,-0.36532593,33.491783,71.70558
2021-02-13,ATS_Bergamo,-4.187138,26.551569,74.84904
2021-02-14,ATS_Bergamo,-0.34003994,23.302853,47.89906
2021-02-15,ATS_Bergamo,1.1727949,20.903124,39.900173
2021-02-16,ATS_Bergamo,5.158181,41.75506,61.152264
2021-02-17,ATS_Bergamo,7.835044,48.683758,58.82672
2021-02-18,ATS_Bergamo,6.3526917,45.287174,59.977337
2021-02-19,ATS_Bergamo,7.345821,54.85623,68.5746
2021-02-20,ATS_Bergamo,8.241713,56.999294,67.20278
2021-02-21,ATS_Bergamo,8.823081,56.216747,63.53127
2021-02-22,ATS_Bergamo,8.940618,55.64259,62.17967
2021-02-23,ATS_Bergamo,11.475878,50.72442,48.583935
2021-02-24,ATS_Bergamo,14.037018,52.094944,42.45264
2021-02-25,ATS_Bergamo,14.273939,41.13125,32.82284
2021-02-26,ATS_Bergamo,13.545912,39.905067,33.05846
2021-02-27,ATS_Bergamo,12.920039,52.759396,46.502987
2021-02-28,ATS_Bergamo,7.0243225,50.45413,66.07604
2021-03-01,ATS_Bergamo,9.350669,41.72842,45.702473
2021-03-02,ATS_Bergamo,9.953208,41.364693,43.48721
2021-03-03,ATS_Bergamo,8.95258,40.94618,45.672234
2021-03-04,ATS_Bergamo,8.501129,45.58436,52.569344
2021-03-05,ATS_Bergamo,9.293121,55.25733,60.795513
2021-03-06,ATS_Bergamo,3.8184073,44.456123,71.95629
2021-03-07,ATS_Bergamo,5.8448095,42.43119,59.26632
2021-03-08,ATS_Bergamo,7.3140826,49.92402,62.74673
2021-03-09,ATS_Bergamo,6.2211347,51.014866,69.26676
2021-03-10,ATS_Bergamo,7.634395,37.978138,45.83765
2021-03-11,ATS_Bergamo,7.562513,45.846428,56.47834
2021-03-12,ATS_Bergamo,9.54647,58.29528,62.851616
2021-03-13,ATS_Bergamo,10.031228,48.95697,51.243145
2021-03-14,ATS_Bergamo,7.184723,22.812166,29.731897
2021-03-15,ATS_Bergamo,8.294307,41.36353,49.503365
2021-03-16,ATS_Bergamo,7.501164,22.354662,28.565977
2021-03-17,ATS_Bergamo,7.541238,27.21939,34.99163
2021-03-18,ATS_Bergamo,4.4291077,35.06413,51.108765
2021-03-19,ATS_Bergamo,3.4381409,34.480923,55.619114
2021-03-20,ATS_Bergamo,4.8943,26.191908,37.30964
2021-03-21,ATS_Bergamo,4.5564094,32.44595,49.258266
2021-03-22,ATS_Bergamo,8.364829,31.905699,38.799217
2021-03-23,ATS_Bergamo,8.314989,37.525143,44.499493
2021-03-24,ATS_Bergamo,11.381326,41.27251,39.75573
2021-03-25,ATS_Bergamo,12.779868,50.93325,45.0258
2021-03-26,ATS_Bergamo,12.007338,61.329136,57.082966
2021-03-27,ATS_Bergamo,9.60025,73.3727,80.37122
2021-03-28,ATS_Bergamo,13.15703,58.06122,50.299313
2021-03-29,ATS_Bergamo,15.478145,61.23593,45.552483
2021-03-30,ATS_Bergamo,17.87456,58.641853,37.671604
2021-03-31,ATS_Bergamo,18.171957,66.11393,42.549305
2021-04-01,ATS_Bergamo,19.016825,61.913662,37.375957
2021-04-02,ATS_Bergamo,19.07507,56.360332,34.150387
2021-04-03,ATS_Bergamo,13.725494,55.201508,45.278503
2021-04-04,ATS_Bergamo,8.584556,46.751247,56.261925
2021-04-05,ATS_Bergamo,10.608586,47.754093,49.568935
2021-04-06,ATS_Bergamo,6.595437,24.531773,31.383219
2021-04-07,ATS_Bergamo,3.3004107,12.704195,22.071177
2021-04-08,ATS_Bergamo,9.058153,24.38566,28.042904
2021-04-09,ATS_Bergamo,8.605098,49.120846,56.88642
2021-04-10,ATS_Bergamo,8.660344,48.691643,56.415195
2021-04-11,ATS_Bergamo,5.5725226,65.359825,92.10338
2021-04-12,ATS_Bergamo,7.142382,75.18196,95.34343
2021-04-13,ATS_Bergamo,5.832044,41.626926,56.276695
2021-04-14,ATS_Bergamo,7.023625,37.44563,47.73553
2021-04-15,ATS_Bergamo,6.021393,51.077366,70.82044
2021-04-16,ATS_Bergamo,7.6370807,35.308815,43.31177
2021-04-17,ATS_Bergamo,10.051631,37.995075,39.4356
2021-04-18,ATS_Bergamo,8.738154,47.808784,54.4551
2021-11-15,ATS_Bergamo,9.769649,78.9743,84.717834
2021-11-16,ATS_Bergamo,9.09903,70.34284,78.996666
2021-11-17,ATS_Bergamo,9.836265,78.167656,83.746506
2021-11-18,ATS_Bergamo,10.648207,74.20147,75.27992
2021-11-19,ATS_Bergamo,11.02502,58.84265,58.2327
2021-11-20,ATS_Bergamo,10.883104,56.14264,56.544575
2021-11-21,ATS_Bergamo,8.110713,56.53536,67.625374
2021-11-22,ATS_Bergamo,6.4093323,70.987015,94.696106
2021-11-23,ATS_Bergamo,7.05906,66.28302,84.58806
2021-11-24,ATS_Bergamo,7.9726343,56.63432,68.12825
2021-11-25,ATS_Bergamo,5.616433,55.41934,77.36649
2021-11-26,ATS_Bergamo,6.542877,62.409733,82.51362
2021-11-27,ATS_Bergamo,4.865352,58.08946,85.14185
2021-11-28,ATS_Bergamo,1.4218184,45.774334,83.64472
2021-11-29,ATS_Bergamo,2.007721,30.670824,55.149605
2021-11-30,ATS_Bergamo,3.447209,34.01015,55.89197
2021-12-01,ATS_Bergamo,6.317605,49.079433,65.96291
2021-12-02,ATS_Bergamo,5.611341,52.45712,73.120705
2021-12-03,ATS_Bergamo,4.3952417,31.621305,46.355873
2021-12-04,ATS_Bergamo,4.1955695,35.214565,54.433422
2021-12-05,ATS_Bergamo,4.677922,40.88167,59.88287
2021-12-06,ATS_Bergamo,4.237841,31.301693,46.886395
2021-12-07,ATS_Bergamo,5.482156,31.99228,44.947674
2021-12-08,ATS_Bergamo,0.049957275,47.08893,95.828
2021-12-09,ATS_Bergamo,0.8495527,40.00585,76.628746
2021-12-10,ATS_Bergamo,-0.2593689,42.057198,87.13246
2021-12-11,ATS_Bergamo,3.7863202,36.980183,57.835793
2021-12-12,ATS_Bergamo,4.23526,33.894016,51.717762
2021-12-13,ATS_Bergamo,8.429945,58.46174,68.67028
2021-12-14,ATS_Bergamo,6.0277405,55.04256,74.72136
2021-12-15,ATS_Bergamo,7.631779,43.40272,53.70341
2021-12-16,ATS_Bergamo,6.612736,47.855656,63.19039
2021-12-17,ATS_Bergamo,6.2407007,43.8379,59.337444
2021-12-18,ATS_Bergamo,5.0069885,34.469326,50.674644
2021-12-19,ATS_Bergamo,5.1146894,46.051014,66.94299
2021-12-20,ATS_Bergamo,6.4029846,41.776527,55.519554
2021-12-21,ATS_Bergamo,3.361376,46.84715,75.582825
2021-12-22,ATS_Bergamo,2.478703,37.89249,63.54086
2021-12-23,ATS_Bergamo,1.6598903,31.96337,57.927227
2021-12-24,ATS_Bergamo,4.982888,39.868538,58.318474
2021-12-25,ATS_Bergamo,5.59882,45.092022,63.488064
2021-12-26,ATS_Bergamo,5.516789,52.000507,73.44826
2021-12-27,ATS_Bergamo,5.301422,54.130352,77.52052
2021-12-28,ATS_Bergamo,5.7701025,62.49117,86.70098
2021-12-29,ATS_Bergamo,7.1171656,59.936768,76.38375
2021-12-30,ATS_Bergamo,9.121211,71.108826,80.19022
2021-12-31,ATS_Bergamo,8.4301195,58.956306,69.64906
2022-01-01,ATS_Bergamo,7.9623804,48.69605,58.993164
2022-01-02,ATS_Bergamo,8.029449,50.133266,60.35597
2022-01-03,ATS_Bergamo,6.1510315,44.376354,60.08681
2022-01-04,ATS_Bergamo,6.2669635,57.269226,77.19773
2022-01-05,ATS_Bergamo,5.5742316,55.878166,78.11994
2022-01-06,ATS_Bergamo,3.2501874,38.195488,61.553596
2022-01-07,ATS_Bergamo,1.119642,35.559612,67.09138
2022-01-08,ATS_Bergamo,3.031612,31.202011,51.320652
2022-01-09,ATS_Bergamo,1.5718253,37.450703,68.589355
2022-01-10,ATS_Bergamo,2.8058865,28.430826,47.07453
2022-01-11,ATS_Bergamo,5.0200934,27.530819,39.380707
2022-01-12,ATS_Bergamo,3.9595163,24.566013,37.176025
2022-01-13,ATS_Bergamo,4.432107,21.788025,32.472836
2022-01-14,ATS_Bergamo,8.693965,35.929287,40.99219
2022-01-15,ATS_Bergamo,10.506012,40.193573,41.22501
2022-01-16,ATS_Bergamo,8.448604,36.816578,42.924286
2022-01-17,ATS_Bergamo,8.746107,33.794506,38.222557
2022-01-18,ATS_Bergamo,7.541552,35.9241,44.025078
2022-01-19,ATS_Bergamo,5.421086,38.772614,54.49155
2022-01-20,ATS_Bergamo,5.1956744,38.01865,54.32951
2022-01-21,ATS_Bergamo,2.2941678,28.01193,47.745274
2022-01-22,ATS_Bergamo,3.8737924,34.097584,53.122356
2022-01-23,ATS_Bergamo,5.0916705,37.822754,54.93775
2022-01-24,ATS_Bergamo,4.189257,35.63099,54.8561
2022-01-25,ATS_Bergamo,5.0236597,42.1399,61.681988
2022-01-26,ATS_Bergamo,6.0333905,37.995907,51.90646
2022-01-27,ATS_Bergamo,5.0265894,30.96112,45.514774
2022-01-28,ATS_Bergamo,7.066524,19.762974,24.850864
2022-01-29,ATS_Bergamo,7.4800634,26.442644,32.31439
2022-01-30,ATS_Bergamo,10.729296,39.82061,39.686176
2022-01-31,ATS_Bergamo,6.947732,34.973965,44.856667
2022-02-01,ATS_Bergamo,7.2643127,27.546396,34.69169
2022-02-02,ATS_Bergamo,9.651799,47.71982,53.122307
2022-02-03,ATS_Bergamo,8.744014,46.6243,53.079052
2022-02-04,ATS_Bergamo,5.6618085,55.874027,77.6798
2022-02-05,ATS_Bergamo,7.3800006,45.021595,55.57135
2022-02-06,ATS_Bergamo,6.267312,43.12936,57.11434
2022-02-07,ATS_Bergamo,6.262464,17.02303,23.033215
2022-02-08,ATS_Bergamo,9.027008,22.557709,25.141117
2022-02-09,ATS_Bergamo,10.15288,39.270405,40.725853
2022-02-10,ATS_Bergamo,8.792703,44.19617,49.456207
2022-02-11,ATS_Bergamo,8.459661,48.51758,55.413837
2022-02-12,ATS_Bergamo,5.940931,24.690512,33.562786
2022-02-13,ATS_Bergamo,4.920005,34.573334,50.095314
2022-02-14,ATS_Bergamo,3.0413425,39.964775,66.46263
2022-02-15,ATS_Bergamo,1.6820374,49.141914,90.00005
2022-02-16,ATS_Bergamo,4.3854065,46.031666,69.06206
2022-02-17,ATS_Bergamo,8.297725,52.040462,61.61465
2022-02-18,ATS_Bergamo,8.742654,47.16444,53.82473
2022-02-19,ATS_Bergamo,8.666552,55.79419,63.471584
2022-02-20,ATS_Bergamo,9.681479,43.663013,46.242214
2022-02-21,ATS_Bergamo,9.964613,42.587715,43.81094
2022-02-22,ATS_Bergamo,10.365004,27.353357,28.134798
2022-02-23,ATS_Bergamo,11.178968,41.906067,40.985737
2022-02-24,ATS_Bergamo,9.361167,42.805088,46.284077
2022-02-25,ATS_Bergamo,8.894056,38.017212,42.091667
2022-02-26,ATS_Bergamo,6.896358,21.659697,28.117445
2022-02-27,ATS_Bergamo,5.6769104,28.875322,39.673424
2022-02-28,ATS_Bergamo,7.863957,19.034077,22.503859
2022-03-01,ATS_Bergamo,4.7877154,28.091097,41.963932
2022-03-02,ATS_Bergamo,7.3754315,28.452414,35.273445
2022-03-03,ATS_Bergamo,8.955266,36.88016,41.49114
2022-03-04,ATS_Bergamo,6.775055,42.779964,54.463306
2022-03-05,ATS_Bergamo,3.712485,30.32569,48.504436
2022-03-06,ATS_Bergamo,3.5656521,28.156673,45.248478
2022-03-07,ATS_Bergamo,5.2825537,28.731838,40.624973
2022-03-08,ATS_Bergamo,1.985853,32.122147,58.05355
2022-03-09,ATS_Bergamo,7.8153033,30.523891,36.952675
2022-03-10,ATS_Bergamo,9.938071,32.504765,34.204002
2022-03-11,ATS_Bergamo,6.5801263,41.119072,54.223206
2022-03-12,ATS_Bergamo,4.2937493,39.231777,60.281055
2022-03-13,ATS_Bergamo,5.7587323,35.41547,49.412327
2022-03-14,ATS_Bergamo,9.632512,48.073326,52.15799
2022-03-15,ATS_Bergamo,8.775125,55.661297,63.60333
2022-03-16,ATS_Bergamo,12.556061,60.217964,54.399952
2022-03-17,ATS_Bergamo,8.815513,65.77828,75.26137
2022-03-18,ATS_Bergamo,8.071162,65.40583,80.08222
2022-03-19,ATS_Bergamo,7.6427655,49.06101,61.418064
2022-03-20,ATS_Bergamo,7.9365716,32.49128,39.69091
2022-03-21,ATS_Bergamo,8.711892,32.93667,37.986378
2022-03-22,ATS_Bergamo,9.865212,34.40667,36.892548
2022-03-23,ATS_Bergamo,13.793016,29.814077,24.96799
2022-03-24,ATS_Bergamo,15.78639,31.15445,23.104994
2022-03-25,ATS_Bergamo,15.129338,32.498344,25.298975
2022-03-26,ATS_Bergamo,15.446406,30.465641,22.798832
2022-03-27,ATS_Bergamo,15.435316,36.216995,27.331564
2022-03-28,ATS_Bergamo,15.835322,38.81148,28.856825
2022-03-29,ATS_Bergamo,12.711614,49.027386,43.570747
2022-03-30,ATS_Bergamo,6.390185,69.156525,91.98449
2022-03-31,ATS_Bergamo,8.710253,66.53739,76.34438
2022-04-01,ATS_Bergamo,6.777392,60.303783,78.35787
2022-04-02,ATS_Bergamo,4.2720904,50.4389,76.7762
2022-04-03,ATS_Bergamo,4.188141,45.37563,69.09206
2022-04-04,ATS_Bergamo,5.74949,43.939137,61.428524
2022-04-05,ATS_Bergamo,11.658949,53.295925,50.8861
2022-04-06,ATS_Bergamo,12.108098,57.640045,53.53493
2022-04-07,ATS_Bergamo,13.508558,61.061916,51.581264
2022-04-08,ATS_Bergamo,15.456556,71.40705,53.658623
2022-04-09,ATS_Bergamo,12.378257,25.002476,23.172224
2022-04-10,ATS_Bergamo,10.321686,31.764023,32.63567
2022-04-11,ATS_Bergamo,12.319628,39.52709,36.361553
2022-04-12,ATS_Bergamo,13.739202,47.40851,40.10526
2022-04-13,ATS_Bergamo,15.698325,61.186684,45.63671
2022-04-14,ATS_Bergamo,18.462101,62.22748,39.435524
2022-04-15,ATS_Bergamo,19.135477,72.41027,44.0676
2022-04-16,ATS_Bergamo,17.897684,52.8848,34.033596
2022-04-17,ATS_Bergamo,13.520277,48.774414,41.44012
2022-11-14,ATS_Bergamo,8.119084,73.432785,87.46926
2022-11-15,ATS_Bergamo,6.8985553,71.50362,92.455795
2022-11-16,ATS_Bergamo,9.336473,76.28845,84.56286
2022-11-17,ATS_Bergamo,10.124455,68.867226,72.1435
2022-11-18,ATS_Bergamo,11.510232,66.859535,63.485462
2022-11-19,ATS_Bergamo,9.464822,53.74646,57.841064
2022-11-20,ATS_Bergamo,8.406542,48.586235,55.806797
2022-11-21,ATS_Bergamo,8.410309,42.320377,49.39672
2022-11-22,ATS_Bergamo,5.420388,57.25482,80.94954
2022-11-23,ATS_Bergamo,7.4496503,48.285297,59.765617
2022-11-24,ATS_Bergamo,10.125222,49.743122,51.86023
2022-11-25,ATS_Bergamo,8.600355,50.61994,58.2214
2022-11-26,ATS_Bergamo,9.667668,44.29502,47.517002
2022-11-27,ATS_Bergamo,7.507163,48.187157,59.225002
2022-11-28,ATS_Bergamo,5.662018,53.825752,75.368904
2022-11-29,ATS_Bergamo,4.3411474,56.28077,86.00152
2022-11-30,ATS_Bergamo,4.436048,53.176205,80.901436
2022-12-01,ATS_Bergamo,5.2987714,50.751934,72.503334
2022-12-02,ATS_Bergamo,3.8489947,55.00073,86.77108
2022-12-03,ATS_Bergamo,4.83895,55.6845,81.70515
2022-12-04,ATS_Bergamo,4.4859576,64.045555,96.75043
2022-12-05,ATS_Bergamo,4.4674377,65.06614,97.72559
2022-12-06,ATS_Bergamo,4.23805,43.417084,66.40257
2022-12-07,ATS_Bergamo,4.254338,40.646595,62.40693
2022-12-08,ATS_Bergamo,4.0181146,45.30174,69.96468
2022-12-09,ATS_Bergamo,2.677817,55.841003,95.5471
2022-12-10,ATS_Bergamo,5.336997,55.44323,78.98241
2022-12-11,ATS_Bergamo,0.8789891,35.642296,66.499214
2022-12-12,ATS_Bergamo,-0.7085615,27.213451,55.373055
2022-12-13,ATS_Bergamo,0.6211068,35.733757,69.97898
2022-12-14,ATS_Bergamo,2.9936655,38.45834,63.91831
2022-12-15,ATS_Bergamo,3.9414194,44.907402,70.315735
2022-12-16,ATS_Bergamo,4.0206604,60.188057,94.37175
2022-12-17,ATS_Bergamo,4.039878,49.70165,76.60486
2022-12-18,ATS_Bergamo,4.12878,43.58338,65.67547
2022-12-19,ATS_Bergamo,4.605517,44.93563,66.95224
2022-12-20,ATS_Bergamo,5.726157,48.256443,67.0874
2022-12-21,ATS_Bergamo,6.6067023,60.358845,79.68412
2022-12-22,ATS_Bergamo,7.5907636,53.871746,66.788895
2022-12-23,ATS_Bergamo,8.114863,61.817787,74.06505
2022-12-24,ATS_Bergamo,8.79776,65.61984,75.2876
2022-12-25,ATS_Bergamo,8.656891,67.13168,77.21754
2022-12-26,ATS_Bergamo,8.841426,70.27553,80.1589
2022-12-27,ATS_Bergamo,8.766859,60.114338,68.60262
2022-12-28,ATS_Bergamo,6.543435,57.880066,75.80743
2022-12-29,ATS_Bergamo,6.846623,54.54541,70.59702
2022-12-30,ATS_Bergamo,6.830056,67.00724,87.1883
2022-12-31,ATS_Bergamo,8.853529,69.22585,79.14727
2023-01-01,ATS_Bergamo,9.884291,75.23659,80.396355
2023-01-02,ATS_Bergamo,9.398311,75.589554,82.9839
2023-01-03,ATS_Bergamo,7.624211,76.92029,94.85408
2023-01-04,ATS_Bergamo,8.774567,67.04024,76.40487
2023-01-05,ATS_Bergamo,10.363783,62.096855,64.32455
2023-01-06,ATS_Bergamo,8.320953,48.527973,57.38217
2023-01-07,ATS_Bergamo,6.82179,53.124134,69.02975
2023-01-08,ATS_Bergamo,4.7279706,65.40594,97.41381
2023-01-09,ATS_Bergamo,5.976227,59.77869,81.50902
2023-01-10,ATS_Bergamo,7.0848,31.178392,39.52616
2023-01-11,ATS_Bergamo,7.4955835,33.09817,41.10081
2023-01-12,ATS_Bergamo,7.6660986,45.874172,55.773865
2023-01-13,ATS_Bergamo,6.844356,43.621975,56.175213
2023-01-14,ATS_Bergamo,7.902915,39.494377,47.18886
2023-01-15,ATS_Bergamo,6.2524543,55.287655,74.269844
2023-01-16,ATS_Bergamo,3.2380502,48.510677,78.889015
2023-01-17,ATS_Bergamo,0.90570503,47.856976,91.46078
2023-01-18,ATS_Bergamo,2.7249014,42.341667,71.089264
2023-01-19,ATS_Bergamo,-0.7094247,32.10475,66.2951
2023-01-20,ATS_Bergamo,1.3766174,27.508219,49.11978
2023-01-21,ATS_Bergamo,2.7652194,19.663408,33.16045
2023-01-22,ATS_Bergamo,3.381256,26.212206,42.5128
2023-01-23,ATS_Bergamo,2.6256757,39.421566,67.183815
2023-01-24,ATS_Bergamo,6.5421796,43.64555,57.05575
2023-01-25,ATS_Bergamo,5.883,48.45393,66.129906
2023-01-26,ATS_Bergamo,3.9161334,41.59389,64.84878
2023-01-27,ATS_Bergamo,1.5762547,35.178856,64.57228
2023-01-28,ATS_Bergamo,3.3731647,30.485579,48.923923
2023-01-29,ATS_Bergamo,3.4092975,35.220512,56.983585
2023-01-30,ATS_Bergamo,6.3992877,28.604374,37.92474
2023-01-31,ATS_Bergamo,6.2583838,24.953619,32.715687
2023-02-01,ATS_Bergamo,8.254373,35.236317,40.95621
2023-02-02,ATS_Bergamo,10.139766,32.995266,34.23244
2023-02-03,ATS_Bergamo,9.3072815,38.04256,41.7323
2023-02-04,ATS_Bergamo,12.138964,44.86053,41.117733
2023-02-05,ATS_Bergamo,5.277915,38.54895,54.632652
2023-02-06,ATS_Bergamo,1.4231436,39.53831,73.847084
2023-02-07,ATS_Bergamo,1.9636362,30.74029,54.66587
2023-02-08,ATS_Bergamo,1.155147,29.644888,56.26004
2023-02-09,ATS_Bergamo,-0.80167496,26.266874,57.630135
2023-02-10,ATS_Bergamo,4.7138104,22.672808,33.731804
2023-02-11,ATS_Bergamo,7.787506,24.126047,29.528172
2023-02-12,ATS_Bergamo,12.049818,38.659645,35.925423
2023-02-13,ATS_Bergamo,9.743142,43.209908,46.496975
2023-02-14,ATS_Bergamo,12.333649,36.53205,33.403385
2023-02-15,ATS_Bergamo,13.009047,35.990047,31.32628
2023-02-16,ATS_Bergamo,11.173876,43.64945,42.521507
2023-02-17,ATS_Bergamo,11.5513525,52.106907,49.667324
2023-02-18,ATS_Bergamo,11.725494,56.112724,53.18411
2023-02-19,ATS_Bergamo,12.073709,55.702637,51.474003
2023-02-20,ATS_Bergamo,10.913483,52.900635,52.84023
2023-02-21,ATS_Bergamo,12.065286,56.442375,52.80053
2023-02-22,ATS_Bergamo,10.702615,61.057808,61.6105
2023-02-23,ATS_Bergamo,9.390952,67.70101,74.496376
2023-02-24,ATS_Bergamo,8.922411,71.112236,81.21305
2023-02-25,ATS_Bergamo,10.822209,63.339787,63.11972
2023-02-26,ATS_Bergamo,1.103738,31.975155,57.75607
2023-02-27,ATS_Bergamo,2.4593112,39.55328,68.4146
2023-02-28,ATS_Bergamo,4.2548957,42.379692,65.09052
2023-03-01,ATS_Bergamo,6.793819,38.5282,49.786892
2023-03-02,ATS_Bergamo,6.6291285,52.32649,68.87394
2023-03-03,ATS_Bergamo,9.952754,48.08935,50.323677
2023-03-04,ATS_Bergamo,10.678096,46.509586,46.481647
2023-03-05,ATS_Bergamo,10.449476,43.894783,44.16058
2023-03-06,ATS_Bergamo,7.326464,63.750008,81.252495
2023-03-07,ATS_Bergamo,9.009186,50.964394,57.16096
2023-03-08,ATS_Bergamo,9.799608,56.12611,59.930656
2023-03-09,ATS_Bergamo,13.377908,63.33668,53.927456
2023-03-10,ATS_Bergamo,10.8085375,79.033134,80.506355
2023-03-11,ATS_Bergamo,14.675446,52.218884,41.25191
2023-03-12,ATS_Bergamo,11.59474,59.847816,57.3315
2023-03-13,ATS_Bergamo,12.144335,62.120758,57.42039
2023-03-14,ATS_Bergamo,8.660553,75.391075,86.99974
2023-03-15,ATS_Bergamo,8.603773,17.468946,20.301653
2023-03-16,ATS_Bergamo,9.92555,35.6418,38.130566
2023-03-17,ATS_Bergamo,10.617584,44.81896,46.215664
2023-03-18,ATS_Bergamo,11.91425,52.54144,49.596138
2023-03-19,ATS_Bergamo,10.552608,59.69626,60.900837
2023-03-20,ATS_Bergamo,12.611516,66.04981,58.90559
2023-03-21,ATS_Bergamo,14.676946,60.967915,47.788837
2023-03-22,ATS_Bergamo,16.082987,67.49941,48.69892
2023-03-23,ATS_Bergamo,15.535448,66.536705,49.89205
2023-03-24,ATS_Bergamo,12.014801,83.99318,79.24003
2023-03-25,ATS_Bergamo,14.668993,49.241516,38.277996
2023-03-26,ATS_Bergamo,9.3714905,66.371475,72.69289
2023-03-27,ATS_Bergamo,11.148555,26.756186,26.655834
2023-03-28,ATS_Bergamo,10.47525,18.772009,19.000574
2023-03-29,ATS_Bergamo,12.658914,53.31954,47.97717
2023-03-30,ATS_Bergamo,10.428166,77.00551,79.60641
2023-03-31,ATS_Bergamo,8.205998,71.36412,85.6587
2023-04-01,ATS_Bergamo,13.960078,46.907997,38.76489
2023-04-02,ATS_Bergamo,13.096623,52.662838,45.262783
2023-04-03,ATS_Bergamo,11.694209,57.168797,53.86219
2023-04-04,ATS_Bergamo,5.933258,41.54767,58.28054
2023-04-05,ATS_Bergamo,6.079673,38.217827,52.875393
2023-04-06,ATS_Bergamo,8.385651,34.857765,41.558235
2023-04-07,ATS_Bergamo,7.8969855,48.78084,60.49414
2023-04-08,ATS_Bergamo,11.40595,50.195316,48.08218
2023-04-09,ATS_Bergamo,10.645416,59.019802,60.472485
2023-04-10,ATS_Bergamo,11.715798,48.982693,46.866543
2023-04-11,ATS_Bergamo,14.08044,63.12652,52.242744
2023-04-12,ATS_Bergamo,10.391963,65.64323,68.90821
2023-04-13,ATS_Bergamo,6.188629,59.4495,79.43086
2023-04-14,ATS_Bergamo,12.127699,39.702465,36.453358
2023-04-15,ATS_Bergamo,11.992026,49.353443,45.53962
2023-04-16,ATS_Bergamo,13.875048,55.11742,45.03771
2023-11-13,ATS_Bergamo,11.353912,68.16674,66.58659
2023-11-14,ATS_Bergamo,12.817571,80.76443,72.0333
2023-11-15,ATS_Bergamo,14.04626,56.10055,45.566017
2023-11-16,ATS_Bergamo,10.710532,46.11665,46.094566
2023-11-17,ATS_Bergamo,12.185281,44.78773,41.447823
2023-11-18,ATS_Bergamo,11.006675,36.33038,35.605247
2023-11-19,ATS_Bergamo,11.917424,63.610844,60.21392
2023-11-20,ATS_Bergamo,10.963043,61.592358,61.570183
2023-11-21,ATS_Bergamo,9.884081,57.160362,60.185844
2023-11-22,ATS_Bergamo,10.930259,49.82461,48.837135
2023-11-23,ATS_Bergamo,10.532274,40.013123,40.790977
2023-11-24,ATS_Bergamo,9.338636,47.798466,52.991848
2023-11-25,ATS_Bergamo,4.7805657,16.776548,25.302845
2023-11-26,ATS_Bergamo,5.6231647,30.926296,44.42649
2023-11-27,ATS_Bergamo,4.04354,30.54047,47.54114
2023-11-28,ATS_Bergamo,5.859981,45.77061,62.70982
2023-11-29,ATS_Bergamo,5.4516034,33.11687,45.72633
2023-11-30,ATS_Bergamo,1.3660496,48.493473,90.691185
2023-12-01,ATS_Bergamo,4.5005364,63.371067,96.212456
2023-12-02,ATS_Bergamo,3.200906,45.222572,73.873405
2023-12-03,ATS_Bergamo,2.8763733,37.21795,59.823967
2023-12-04,ATS_Bergamo,0.050271172,35.492283,71.63851
2023-12-05,ATS_Bergamo,1.575592,46.94043,85.962654
2023-12-06,ATS_Bergamo,4.309932,42.986115,65.38192
2023-12-07,ATS_Bergamo,4.6832232,36.52842,54.391487
2023-12-08,ATS_Bergamo,1.5669425,44.179634,81.66753
2023-12-09,ATS_Bergamo,3.5167542,46.188133,74.79838
2023-12-10,ATS_Bergamo,7.2214484,53.82081,67.63821
2023-12-11,ATS_Bergamo,6.540401,61.546963,82.1903
2023-12-12,ATS_Bergamo,8.305433,62.576164,74.27912
2023-12-13,ATS_Bergamo,5.4174933,66.06493,94.39922
2023-12-14,ATS_Bergamo,6.084695,54.798985,74.89115
2023-12-15,ATS_Bergamo,7.6848626,46.747826,57.258686
2023-12-16,ATS_Bergamo,5.4422216,42.073006,59.316765
2023-12-17,ATS_Bergamo,7.944384,47.413998,57.698425
2023-12-18,ATS_Bergamo,10.49105,53.737324,55.433254
2023-12-19,ATS_Bergamo,9.913971,51.447094,54.637184
2023-12-20,ATS_Bergamo,7.0265894,49.061256,63.4156
2023-12-21,ATS_Bergamo,6.586369,50.215282,66.63372
2023-12-22,ATS_Bergamo,11.799294,55.173244,52.364388
2023-12-23,ATS_Bergamo,14.567291,51.48061,40.854805
2023-12-24,ATS_Bergamo,13.5513525,55.098095,46.43688
2023-12-25,ATS_Bergamo,11.773346,65.437675,62.144997
2023-12-26,ATS_Bergamo,9.071511,60.870308,68.12964
2023-12-27,ATS_Bergamo,8.042633,39.78918,47.276917
2023-12-28,ATS_Bergamo,6.7755084,49.612064,64.09744
2023-12-29,ATS_Bergamo,6.6876526,56.283222,73.50384
2023-12-30,ATS_Bergamo,7.9107623,50.05094,60.293858
2023-12-31,ATS_Bergamo,4.77781,58.756584,87.36712
2024-01-01,ATS_Bergamo,4.8262897,52.31644,76.41302
2024-01-02,ATS_Bergamo,4.360923,40.568264,62.243378
2024-01-03,ATS_Bergamo,8.194628,55.648407,66.46976
2024-01-04,ATS_Bergamo,7.9280267,48.20942,58.278656
2024-01-05,ATS_Bergamo,3.2944815,56.51765,92.4148
2024-01-06,ATS_Bergamo,4.390603,56.370483,85.45314
2024-01-07,ATS_Bergamo,4.3931146,52.594658,78.97328
2024-01-08,ATS_Bergamo,5.7490363,53.367176,72.8376
2024-01-09,ATS_Bergamo,3.0919495,48.339264,80.74264
2024-01-10,ATS_Bergamo,1.6907567,41.753864,76.61187
2024-01-11,ATS_Bergamo,3.7396545,40.61952,64.44913
2024-01-12,ATS_Bergamo,5.213427,37.174232,53.117737
2024-01-13,ATS_Bergamo,3.1478229,32.733948,53.453926
2024-01-14,ATS_Bergamo,1.3470415,27.55218,50.9379
2024-01-15,ATS_Bergamo,3.924469,38.496067,60.55484
2024-01-16,ATS_Bergamo,3.4084604,36.906822,59.057095
2024-01-17,ATS_Bergamo,1.0303214,47.301357,90.50846
2024-01-18,ATS_Bergamo,7.0851483,63.185097,80.7217
2024-01-19,ATS_Bergamo,4.246386,41.025208,61.073833
2024-01-20,ATS_Bergamo,1.2048471,24.189157,45.100548
2024-01-21,ATS_Bergamo,2.0285428,25.397245,45.749535
2024-01-22,ATS_Bergamo,5.142382,23.060202,33.498158
2024-01-23,ATS_Bergamo,7.130698,40.858776,52.201565
2024-01-24,ATS_Bergamo,9.4639845,45.63981,50.42767
2024-01-25,ATS_Bergamo,10.030147,58.25476,61.962715
2024-01-26,ATS_Bergamo,9.458928,57.558346,63.498344
2024-01-27,ATS_Bergamo,11.878047,52.777287,49.650696
2024-01-28,ATS_Bergamo,6.9513593,43.972992,56.954563
2024-01-29,ATS_Bergamo,7.8595624,41.23205,51.108227
2024-01-30,ATS_Bergamo,8.2912035,43.979164,52.63958
2024-01-31,ATS_Bergamo,10.145033,41.340126,43.527046
2024-02-01,ATS_Bergamo,7.242654,53.476734,67.84802
2024-02-02,ATS_Bergamo,11.04626,42.20818,41.65722
2024-02-03,ATS_Bergamo,15.006465,59.166527,46.119366
2024-02-04,ATS_Bergamo,13.9796095,49.562386,41.20223
2024-02-05,ATS_Bergamo,14.194977,54.06773,44.425793
2024-02-06,ATS_Bergamo,10.132965,54.510014,57.15427
2024-02-07,ATS_Bergamo,10.261732,55.873775,57.000214
2024-02-08,ATS_Bergamo,9.93699,55.07595,58.051094
2024-02-09,ATS_Bergamo,6.011523,67.690994,92.56306
2024-02-10,ATS_Bergamo,5.203626,62.582703,90.002686
2024-02-11,ATS_Bergamo,6.865108,71.4129,92.02613
2024-02-12,ATS_Bergamo,8.515603,59.76189,68.44163
2024-02-13,ATS_Bergamo,9.567396,42.727688,45.876644
2024-02-14,ATS_Bergamo,9.903264,45.812614,48.37467
2024-02-15,ATS_Bergamo,10.803794,51.684868,51.668896
2024-02-16,ATS_Bergamo,11.886418,63.238716,58.942444
2024-02-17,ATS_Bergamo,13.492305,67.02563,56.853596
2024-02-18,ATS_Bergamo,12.928968,75.58024,66.538376
2024-02-19,ATS_Bergamo,12.197279,60.51768,55.20225
2024-02-20,ATS_Bergamo,11.593798,60.38314,56.90861
2024-02-21,ATS_Bergamo,11.055468,58.9553,58.15157
2024-02-22,ATS_Bergamo,5.888615,62.899372,86.88078
2024-02-23,ATS_Bergamo,3.9359088,61.27117,95.667534
2024-02-24,ATS_Bergamo,5.795179,64.19039,89.23369
2024-02-25,ATS_Bergamo,6.0768127,57.004177,77.51862
2024-02-26,ATS_Bergamo,3.1508222,54.330196,89.665146
2024-02-27,ATS_Bergamo,5.227622,64.306015,92.496895
2024-02-28,ATS_Bergamo,10.70844,73.40834,74.017525
2024-02-29,ATS_Bergamo,11.021393,73.32525,72.72297
2024-03-01,ATS_Bergamo,7.318791,72.908455,91.59851
2024-03-02,ATS_Bergamo,7.130628,73.21271,92.79682
2024-03-03,ATS_Bergamo,8.45558,63.056694,73.7198
2024-03-04,ATS_Bergamo,9.1974535,65.61287,72.7595
2024-03-05,ATS_Bergamo,10.300201,71.99801,74.5765
2024-03-06,ATS_Bergamo,7.919342,53.924828,64.51911
2024-03-07,ATS_Bergamo,9.331696,59.0561,64.829056
2024-03-08,ATS_Bergamo,6.21817,62.746468,85.114296
2024-03-09,ATS_Bergamo,5.3739667,60.398315,86.22971
2024-03-10,ATS_Bergamo,4.875257,61.21929,89.94902
2024-03-11,ATS_Bergamo,7.9991064,56.434147,67.66823
2024-03-12,ATS_Bergamo,11.115178,45.74957,45.50134
2024-03-13,ATS_Bergamo,12.324999,70.01799,64.10722
2024-03-14,ATS_Bergamo,12.774985,72.43415,64.48269
2024-03-15,ATS_Bergamo,11.876548,68.744156,64.940254
2024-03-16,ATS_Bergamo,15.086614,71.210205,54.207836
2024-03-17,ATS_Bergamo,14.499351,69.48626,54.776142
2024-03-18,ATS_Bergamo,11.2490015,83.92614,81.91285
2024-03-19,ATS_Bergamo,14.731703,80.09068,62.623684
2024-03-20,ATS_Bergamo,13.476645,73.5672,62.487946
2024-03-21,ATS_Bergamo,15.876653,78.08608,57.07923
2024-03-22,ATS_Bergamo,16.443407,63.83436,44.682926
2024-03-23,ATS_Bergamo,13.014696,74.132996,65.34758
2024-03-24,ATS_Bergamo,10.63021,35.577595,35.689552
2024-03-25,ATS_Bergamo,11.337555,33.915615,33.510838
2024-03-26,ATS_Bergamo,6.7664404,49.433197,64.78909
2024-03-27,ATS_Bergamo,5.138371,68.513,98.4486
2024-03-28,ATS_Bergamo,4.4103436,63.421284,96.33114
2024-03-29,ATS_Bergamo,8.154066,70.02787,82.8457
2024-03-30,ATS_Bergamo,11.883837,75.80653,71.08633
2024-03-31,ATS_Bergamo,8.253257,82.54735,96.3068
2024-04-01,ATS_Bergamo,11.442012,80.5522,79.01008
2024-04-02,ATS_Bergamo,13.982993,59.252605,48.25529
2024-04-03,ATS_Bergamo,8.4065075,61.124367,71.75256
2024-04-04,ATS_Bergamo,14.666412,73.76703,58.24891
2024-04-05,ATS_Bergamo,15.068721,82.31848,63.460762
2024-04-06,ATS_Bergamo,18.108517,85.15592,54.76722
2024-04-07,ATS_Bergamo,19.549992,88.92329,52.24433
2024-04-08,ATS_Bergamo,22.002035,86.11874,43.85683
2024-04-09,ATS_Bergamo,14.767556,86.82982,68.37951
2024-04-10,ATS_Bergamo,7.790436,60.974113,73.94495
2024-04-11,ATS_Bergamo,17.093588,81.60223,55.53127
2024-04-12,ATS_Bergamo,19.699615,83.439835,48.15438
2024-04-13,ATS_Bergamo,20.519684,92.20848,50.473297
2024-04-14,ATS_Bergamo,22.40274,92.52557,45.69717
2024-11-11,ATS_Bergamo,11.12285,55.147884,54.13
2024-11-12,ATS_Bergamo,8.1160145,62.540577,75.082085
2024-11-13,ATS_Bergamo,9.245793,55.161846,61.087986
2024-11-14,ATS_Bergamo,8.118177,52.754467,62.461273
2024-11-15,ATS_Bergamo,8.577179,46.127815,53.309284
2024-11-16,ATS_Bergamo,8.717813,49.171375,56.740147
2024-11-17,ATS_Bergamo,8.672882,46.678314,53.855103
2024-11-18,ATS_Bergamo,8.444628,56.198387,65.73401
2024-11-19,ATS_Bergamo,6.9752154,58.691135,75.6201
2024-11-20,ATS_Bergamo,8.081416,30.714731,35.933426
2024-11-21,ATS_Bergamo,4.39716,26.04579,38.6768
2024-11-22,ATS_Bergamo,2.595821,22.069433,38.58355
2024-11-23,ATS_Bergamo,5.894614,24.98872,33.477154
2024-11-24,ATS_Bergamo,7.0890546,44.91289,57.330868
2024-11-25,ATS_Bergamo,7.97804,56.094097,67.32459
2024-11-26,ATS_Bergamo,7.3610272,74.12145,93.282616
2024-11-27,ATS_Bergamo,8.937792,73.11967,82.83028
2024-11-28,ATS_Bergamo,9.106179,66.42952,74.33631
2024-11-29,ATS_Bergamo,7.316175,51.14039,62.941994
2024-11-30,ATS_Bergamo,5.9013104,49.2477,67.21196
2024-12-01,ATS_Bergamo,7.0603156,36.807804,46.737087
2024-12-02,ATS_Bergamo,8.457742,45.52816,53.446228
2024-12-03,ATS_Bergamo,6.5198236,42.603306,56.607002
2024-12-04,ATS_Bergamo,6.357679,56.358517,75.090836
2024-12-05,ATS_Bergamo,5.105935,41.860558,59.760296
2024-12-06,ATS_Bergamo,6.296958,44.4595,59.673252
2024-12-07,ATS_Bergamo,3.9167612,28.996992,45.760166
2024-12-08,ATS_Bergamo,3.4286892,46.751194,75.45149
2024-12-09,ATS_Bergamo,4.628989,48.95193,72.60119
2024-12-10,ATS_Bergamo,4.6936865,52.47556,77.27296
2024-12-11,ATS_Bergamo,6.968728,46.647594,58.92273
2024-12-12,ATS_Bergamo,5.703731,46.714703,64.60993
2024-12-13,ATS_Bergamo,5.1571,38.38703,55.223816
2024-12-14,ATS_Bergamo,4.3913703,42.482937,64.11993
2024-12-15,ATS_Bergamo,4.9448724,38.471844,56.584614
2024-12-16,ATS_Bergamo,10.592054,59.0747,60.64007
2024-12-17,ATS_Bergamo,10.229331,57.682945,60.36144
2024-12-18,ATS_Bergamo,8.317186,50.13972,59.16626
2024-12-19,ATS_Bergamo,4.635999,58.09078,87.43572
2024-12-20,ATS_Bergamo,6.583579,31.539791,41.394073
2024-12-21,ATS_Bergamo,5.3584113,31.002188,43.588345
2024-12-22,ATS_Bergamo,3.2919705,41.61454,68.32397
2024-12-23,ATS_Bergamo,4.9029846,25.826416,37.642963
2024-12-24,ATS_Bergamo,6.4493017,25.559595,33.492233
2024-12-25,ATS_Bergamo,6.9427447,30.79688,39.329388
2024-12-26,ATS_Bergamo,6.6304193,27.991648,36.58034
2024-12-27,ATS_Bergamo,7.563769,34.548122,42.684692
2024-12-28,ATS_Bergamo,10.328173,45.062023,46.629353
2024-12-29,ATS_Bergamo,9.916726,42.871418,45.658543
2024-12-30,ATS_Bergamo,9.079463,41.49372,46.786404
2024-12-31,ATS_Bergamo,8.853459,36.857178,41.905426
2025-01-01,ATS_Bergamo,6.322209,39.652374,52.738136
2025-01-02,ATS_Bergamo,4.296609,48.447105,74.02622
2025-01-03,ATS_Bergamo,4.3883014,34.441246,52.214314
2025-01-04,ATS_Bergamo,1.8102112,37.582855,66.02418
2025-01-05,ATS_Bergamo,2.7790658,44.11084,74.857704
2025-01-06,ATS_Bergamo,2.1513803,51.032726,90.69237
2025-01-07,ATS_Bergamo,3.7797635,56.726692,90.14759
2025-01-08,ATS_Bergamo,4.2472925,48.921078,75.445564
2025-01-09,ATS_Bergamo,4.7021265,59.954643,89.71479
2025-01-10,ATS_Bergamo,4.9970484,41.915737,60.93628
2025-01-11,ATS_Bergamo,2.8836627,42.53986,71.38326
2025-01-12,ATS_Bergamo,2.3071072,30.935926,53.637104
2025-01-13,ATS_Bergamo,1.8478438,27.886675,48.828285
2025-01-14,ATS_Bergamo,1.9264919,27.680786,49.297672
2025-01-15,ATS_Bergamo,4.6788983,34.660725,52.310913
2025-01-16,ATS_Bergamo,4.213462,35.492943,55.32386
2025-01-17,ATS_Bergamo,3.6040518,38.95879,61.736195
2025-01-18,ATS_Bergamo,6.789494,31.606812,41.448246
2025-01-19,ATS_Bergamo,4.6675982,48.965096,73.72191
2025-01-20,ATS_Bergamo,4.6498456,56.307915,84.06757
2025-01-21,ATS_Bergamo,6.2372828,54.900505,73.5335
2025-01-22,ATS_Bergamo,4.612527,53.922035,80.99248
2025-01-23,ATS_Bergamo,5.177015,61.065937,88.16656
2025-01-24,ATS_Bergamo,8.432002,45.922783,54.195232
2025-01-25,ATS_Bergamo,5.4626245,53.15412,75.593376
2025-01-26,ATS_Bergamo,4.1306634,61.826206,95.830124
2025-01-27,ATS_Bergamo,4.9728436,63.11319,92.349464
2025-01-28,ATS_Bergamo,4.859353,67.37251,98.627266
2025-01-29,ATS_Bergamo,6.31771,55.619934,74.14653
2025-01-30,ATS_Bergamo,6.0936933,53.456455,72.25294
2025-01-31,ATS_Bergamo,4.9905615,53.15537,78.090904
2025-02-01,ATS_Bergamo,4.5201025,55.80241,83.68108
2025-02-02,ATS_Bergamo,7.947732,59.293262,70.51345
2025-02-03,ATS_Bergamo,8.959102,43.691265,48.92487
2025-02-04,ATS_Bergamo,6.0310187,53.657104,73.064186
2025-02-05,ATS_Bergamo,8.483586,41.32339,48.4968
2025-02-06,ATS_Bergamo,7.377838,49.858685,62.63446
2025-02-07,ATS_Bergamo,3.3760245,41.14974,67.07063
2025-02-08,ATS_Bergamo,1.2689863,43.984566,82.89518
2025-02-09,ATS_Bergamo,3.8296726,57.44666,90.84638
2025-02-10,ATS_Bergamo,6.485225,64.701416,85.9101
2025-02-11,ATS_Bergamo,5.6339765,62.699883,87.796585
2025-02-12,ATS_Bergamo,5.757058,65.378914,90.931946
2025-02-13,ATS_Bergamo,6.2919703,63.820103,85.28737
2025-02-14,ATS_Bergamo,5.28503,45.279804,62.884624
2025-02-15,ATS_Bergamo,6.2171936,47.25454,63.132526
2025-02-16,ATS_Bergamo,3.175062,41.00783,68.077995
2025-02-17,ATS_Bergamo,2.1416843,37.706455,67.284134
2025-02-18,ATS_Bergamo,3.1425912,41.2283,68.65271
2025-02-19,ATS_Bergamo,0.88299996,35.9755,70.26671
2025-02-20,ATS_Bergamo,6.9389954,42.378784,54.94637
2025-02-21,ATS_Bergamo,9.800585,51.48243,55.44189
2025-02-22,ATS_Bergamo,7.830684,61.74914,75.35411
2025-02-23,ATS_Bergamo,9.337241,58.505623,64.6513
2025-02-24,ATS_Bergamo,10.502803,65.80706,67.36339
2025-02-25,ATS_Bergamo,6.6724463,67.479,88.398926
2025-02-26,ATS_Bergamo,8.59345,62.746574,72.03948
2025-02-27,ATS_Bergamo,9.8816395,54.971416,57.948112
2025-02-28,ATS_Bergamo,8.602203,56.68858,64.25785
2025-03-01,ATS_Bergamo,7.487876,59.976284,74.679825
2025-03-02,ATS_Bergamo,8.701638,48.060844,54.763466
2025-03-03,ATS_Bergamo,10.581382,50.359287,50.612335
2025-03-04,ATS_Bergamo,12.355552,45.64519,40.821808
2025-03-05,ATS_Bergamo,13.33473,45.452522,38.574314
2025-03-06,ATS_Bergamo,13.016196,46.488533,40.649055
2025-03-07,ATS_Bergamo,12.414808,49.30374,44.676792
2025-03-08,ATS_Bergamo,12.827092,51.299892,45.748802
2025-03-09,ATS_Bergamo,11.629303,49.71115,47.51766
2025-03-10,ATS_Bergamo,7.250885,71.83131,90.62556
2025-03-11,ATS_Bergamo,9.325383,72.16922,79.78498
2025-03-12,ATS_Bergamo,5.994991,62.559032,85.8321
2025-03-13,ATS_Bergamo,8.391545,71.834946,84.20826
2025-03-14,ATS_Bergamo,7.8830695,76.45086,92.84643
2025-03-15,ATS_Bergamo,6.753117,70.36644,91.86689
2025-03-16,ATS_Bergamo,8.239202,63.327015,76.30741
2025-03-17,ATS_Bergamo,10.624351,65.01329,66.32311
2025-03-18,ATS_Bergamo,3.2279358,42.168644,70.740616
2025-03-19,ATS_Bergamo,8.918679,41.252724,46.74035
2025-03-20,ATS_Bergamo,11.088357,46.857597,46.194073
2025-03-21,ATS_Bergamo,10.137743,59.90366,63.059246
2025-03-22,ATS_Bergamo,6.779763,69.644394,90.7703
2025-03-23,ATS_Bergamo,7.428724,68.52846,85.328636
2025-03-24,ATS_Bergamo,10.177782,66.96463,70.26366
2025-03-25,ATS_Bergamo,12.873374,79.49962,70.21663
2025-03-26,ATS_Bergamo,13.990911,72.59058,59.08523
2025-03-27,ATS_Bergamo,15.034856,58.164944,45.018566
2025-03-28,ATS_Bergamo,14.611794,62.828804,49.72134
2025-03-29,ATS_Bergamo,12.563804,70.44215,62.397503
2025-03-30,ATS_Bergamo,16.589159,62.970604,43.930576
2025-03-31,ATS_Bergamo,14.294725,32.429314,26.318682
2025-04-01,ATS_Bergamo,11.503152,30.936707,29.820433
2025-04-02,ATS_Bergamo,12.693651,61.715523,55.479473
2025-04-03,ATS_Bergamo,15.535972,67.09063,50.006294
2025-04-04,ATS_Bergamo,16.065512,75.2989,54.928658
2025-04-05,ATS_Bergamo,16.99084,67.89028,46.490833
2025-04-06,ATS_Bergamo,15.638929,72.22657,54.017315
2025-04-07,ATS_Bergamo,9.857819,51.103333,55.169033
2025-04-08,ATS_Bergamo,8.898241,53.385174,61.285725
2025-04-09,ATS_Bergamo,12.781786,65.39822,58.400234
2025-04-10,ATS_Bergamo,15.48233,58.654716,43.5872
2025-04-11,ATS_Bergamo,19.080475,66.955185,40.322906
2025-04-12,ATS_Bergamo,16.609877,87.81871,61.93836
2025-04-13,ATS_Bergamo,11.524462,78.38009,75.750984
2025-11-10,ATS_Bergamo,12.532518,56.325996,50.639996
2025-11-11,ATS_Bergamo,13.0108595,57.668922,50.27302
2025-11-12,ATS_Bergamo,13.208823,65.04344,56.154076
2025-11-13,ATS_Bergamo,13.99663,68.850784,56.679768
2025-11-14,ATS_Bergamo,12.059653,68.29039,63.519817
2025-11-15,ATS_Bergamo,9.41575,77.45597,85.26743
2025-11-16,ATS_Bergamo,9.522474,84.69216,92.606544
2025-11-17,ATS_Bergamo,10.241643,76.432274,79.57252
2025-11-18,ATS_Bergamo,6.4816675,50.575016,66.23681
2025-11-19,ATS_Bergamo,4.115387,45.979065,71.38433
2025-11-20,ATS_Bergamo,4.549469,44.166843,65.36037
2025-11-21,ATS_Bergamo,0.21311297,37.070824,73.20246
2025-11-22,ATS_Bergamo,3.756605,31.829498,49.056553
2025-11-23,ATS_Bergamo,3.2964694,29.325396,46.53589
2025-11-24,ATS_Bergamo,1.3032358,46.885704,88.244934
2025-11-25,ATS_Bergamo,4.8310676,47.521084,69.696556
2025-11-26,ATS_Bergamo,7.203347,40.32732,50.12311
2025-11-27,ATS_Bergamo,6.4061236,35.335796,46.54577
2025-11-28,ATS_Bergamo,7.1741204,29.94679,37.59814
2025-11-29,ATS_Bergamo,8.43556,34.381573,40.204266
2025-11-30,ATS_Bergamo,7.159088,36.44419,46.1619
2025-12-01,ATS_Bergamo,4.519684,58.00732,87.82394
2025-12-02,ATS_Bergamo,6.859737,61.81307,79.86568
2025-12-03,ATS_Bergamo,7.528752,59.143787,73.07225
2025-12-04,ATS_Bergamo,7.274811,59.373882,74.64185
2025-12-05,ATS_Bergamo,6.709137,63.8961,83.46603
2025-12-06,ATS_Bergamo,7.776624,49.824673,60.91992
2025-12-07,ATS_Bergamo,7.9299097,54.687275,65.85088
2025-12-08,ATS_Bergamo,10.354331,63.468445,66.16444
2025-12-09,ATS_Bergamo,10.179561,58.876263,61.604633
2025-12-10,ATS_Bergamo,9.554491,59.921333,65.41073
2025-12-11,ATS_Bergamo,9.324755,56.187935,62.08062
2025-12-12,ATS_Bergamo,10.495688,52.95861,54.182316
2025-12-13,ATS_Bergamo,11.170772,47.879723,47.12455
2025-12-14,ATS_Bergamo,10.552224,44.546467,45.53352
2025-12-15,ATS_Bergamo,8.15288,42.338722,50.392998
2025-12-16,ATS_Bergamo,4.229017,57.940647,89.43166
2025-12-17,ATS_Bergamo,7.277636,74.20736,93.69264
2025-12-18,ATS_Bergamo,7.6243505,69.4649,85.52982
2025-12-19,ATS_Bergamo,8.0061865,61.985954,74.47042
2025-12-20,ATS_Bergamo,7.809444,56.44576,68.39646
2025-12-21,ATS_Bergamo,7.524532,57.963284,71.94951
2025-12-22,ATS_Bergamo,6.7058234,51.786903,67.6027
2025-12-23,ATS_Bergamo,7.1028314,47.396214,60.56414
2025-12-24,ATS_Bergamo,4.198011,62.152657,95.719376
2025-12-25,ATS_Bergamo,4.035309,52.470085,81.56577
2025-12-26,ATS_Bergamo,5.0973206,47.83504,69.38407
2025-12-27,ATS_Bergamo,8.202022,41.35235,49.256573
2025-12-28,ATS_Bergamo,10.690373,50.841007,51.993694
2025-12-29,ATS_Bergamo,9.093065,42.518337,48.10424
2025-12-30,ATS_Bergamo,4.0240784,38.325535,60.10529
2025-12-31,ATS_Bergamo,2.3966718,29.231554,48.183002
2026-01-01,ATS_Bergamo,1.1222926,35.83024,67.83049
2026-01-02,ATS_Bergamo,3.8644803,38.734646,60.771404
2026-01-03,ATS_Bergamo,2.4400592,29.92653,51.83075
2026-01-04,ATS_Bergamo,1.4560678,25.858734,47.088352
2026-01-05,ATS_Bergamo,0.8887547,27.255201,51.37348
2026-01-06,ATS_Bergamo,0.6862052,18.904312,35.052265
2026-01-07,ATS_Bergamo,-0.59780884,24.457,51.234825
2026-01-08,ATS_Bergamo,0.24021257,24.901169,50.39283
2026-01-09,ATS_Bergamo,0.5979484,37.04377,73.450356
2026-01-10,ATS_Bergamo,2.6389291,30.700298,51.886986
2026-01-11,ATS_Bergamo,5.1812005,23.888565,33.493153
2026-01-12,ATS_Bergamo,4.6975226,24.937452,37.074768
2026-01-13,ATS_Bergamo,4.9987574,40.380154,59.40815
2026-01-14,ATS_Bergamo,4.898974,52.98839,78.304985
2026-01-15,ATS_Bergamo,4.871944,58.7952,87.222946
2026-01-16,ATS_Bergamo,6.8075256,61.281475,79.823364
2026-01-17,ATS_Bergamo,6.567187,60.756966,80.19531
2026-01-18,ATS_Bergamo,6.770172,60.33327,78.94536
2026-01-19,ATS_Bergamo,4.012464,50.255917,79.148445
2026-01-20,ATS_Bergamo,4.080719,43.794086,68.255325
2026-01-21,ATS_Bergamo,4.585009,44.93917,67.8139
2026-01-22,ATS_Bergamo,3.58609,43.3348,69.807556
2026-01-23,ATS_Bergamo,3.2206116,42.60808,70.3729
2026-01-24,ATS_Bergamo,4.8948584,55.443657,81.72484
2026-01-25,ATS_Bergamo,3.1898847,55.5744,91.6928
2026-01-26,ATS_Bergamo,5.409228,42.926357,60.071995
2026-01-27,ATS_Bergamo,5.369607,39.600403,55.99351
2026-01-28,ATS_Bergamo,2.7834604,56.670734,96.0686
2026-01-29,ATS_Bergamo,4.9504876,56.92165,82.8312
2026-01-30,ATS_Bergamo,5.2299585,58.141766,83.2599
2026-01-31,ATS_Bergamo,4.669098,54.505608,80.54396
2026-02-01,ATS_Bergamo,4.5559564,47.51957,71.301346
2026-02-02,ATS_Bergamo,2.6498806,44.910435,76.65735
2026-02-03,ATS_Bergamo,2.3785007,51.743008,90.50421
2026-02-04,ATS_Bergamo,2.9677167,54.487675,90.9745
2026-02-05,ATS_Bergamo,6.3673053,58.53085,78.27252
2026-02-06,ATS_Bergamo,6.819558,60.508747,78.20205
2026-02-07,ATS_Bergamo,8.473716,62.69056,72.607765
2026-02-08,ATS_Bergamo,7.628466,61.821404,75.558586
2026-02-09,ATS_Bergamo,7.1359296,56.94734,72.12566
2026-02-10,ATS_Bergamo,6.5919147,63.195446,82.80038
2026-02-11,ATS_Bergamo,7.2069397,63.014202,79.39359
2026-02-12,ATS_Bergamo,6.506535,64.02291,84.613914
2026-02-13,ATS_Bergamo,11.637813,42.613064,39.69886
2026-02-14,ATS_Bergamo,6.2874365,63.247272,84.70473
2026-02-15,ATS_Bergamo,9.624385,39.75302,42.184338
2026-02-16,ATS_Bergamo,5.065861,47.750374,69.32404
2026-02-17,ATS_Bergamo,7.932874,34.247692,41.313965
2026-02-18,ATS_Bergamo,9.006047,34.185364,38.124073
2026-02-19,ATS_Bergamo,1.5359366,51.930115,95.77875
2026-02-20,ATS_Bergamo,10.560106,50.029217,51.10494
2026-02-21,ATS_Bergamo,9.892103,62.452244,66.2904
2026-02-22,ATS_Bergamo,11.82636,61.50401,57.77915
2026-02-23,ATS_Bergamo,12.57772,59.541645,53.502033
2026-02-24,ATS_Bergamo,13.829882,72.446556,60.635647
2026-02-25,ATS_Bergamo,11.624664,68.74086,65.54149
2026-02-26,ATS_Bergamo,13.276729,67.85107,58.11185
2026-02-27,ATS_Bergamo,13.075975,66.776054,57.877693
2026-02-28,ATS_Bergamo,11.539215,62.55213,59.57764
2026-03-01,ATS_Bergamo,7.2973065,73.06951,91.90209
2026-03-02,ATS_Bergamo,7.8958,76.29864,91.997505
2026-03-03,ATS_Bergamo,11.344565,65.037964,62.446358
2026-03-04,ATS_Bergamo,10.814919,62.60275,62.603374
2026-03-05,ATS_Bergamo,9.511278,54.353996,59.2745
2026-03-06,ATS_Bergamo,12.155391,60.604034,55.877605
2026-03-07,ATS_Bergamo,13.240666,61.559135,52.943256
2026-03-08,ATS_Bergamo,12.156158,61.19528,56.340546
2026-03-09,ATS_Bergamo,11.527566,51.062813,48.603752
2026-03-10,ATS_Bergamo,9.405356,70.96711,78.34214
2026-03-11,ATS_Bergamo,9.079987,71.435005,80.62838
2026-03-12,ATS_Bergamo,12.2447815,70.24861,64.03736
2026-03-13,ATS_Bergamo,11.486167,61.15667,58.55103
2026-03-14,ATS_Bergamo,7.361411,70.19201,87.84691
2026-03-15,ATS_Bergamo,8.993352,66.85742,74.97733
2026-03-16,ATS_Bergamo,13.846274,61.08534,50.40167
2026-03-17,ATS_Bergamo,11.555747,54.521935,51.194088
2026-03-18,ATS_Bergamo,9.502838,41.127514,44.718235
2026-03-19,ATS_Bergamo,13.028892,39.725838,34.602806
2026-03-20,ATS_Bergamo,11.242933,37.96396,37.132404
2026-03-21,ATS_Bergamo,9.1919775,44.44354,50.79868
2026-03-22,ATS_Bergamo,7.7325745,51.851543,65.50844
2026-03-23,ATS_Bergamo,10.990387,45.699013,45.34145
2026-03-24,ATS_Bergamo,12.318547,46.154396,41.649323
2026-03-25,ATS_Bergamo,13.190966,48.320473,41.965046
2026-03-26,ATS_Bergamo,7.750641,32.65235,40.417732
2026-03-27,ATS_Bergamo,9.707916,30.954407,33.537823
2026-03-28,ATS_Bergamo,12.536738,35.90758,32.41546
2026-03-29,ATS_Bergamo,11.564013,37.49567,36.479855
2026-03-30,ATS_Bergamo,13.044307,41.1043,35.69188
2026-03-31,ATS_Bergamo,9.140289,23.377897,26.66572
2026-04-01,ATS_Bergamo,9.951394,32.600914,34.88238
2026-04-02,ATS_Bergamo,13.040471,41.6576,36.430565
2026-04-03,ATS_Bergamo,15.852273,40.951183,30.06689
2026-04-04,ATS_Bergamo,16.971066,59.846443,41.21979
2026-04-05,ATS_Bergamo,19.186676,61.529663,37.17448
2026-04-06,ATS_Bergamo,20.096518,75.13513,42.756245
2026-04-07,ATS_Bergamo,20.356771,79.02112,44.537884
2026-04-08,ATS_Bergamo,19.931515,85.9833,49.651283
2026-04-09,ATS_Bergamo,18.168854,72.29858,46.429657
2026-04-10,ATS_Bergamo,16.892382,81.20905,56.33164
2026-04-11,ATS_Bergamo,16.45422,71.9356,52.103794
2026-04-12,ATS_Bergamo,13.797202,72.76284,61.11178
2021-01-01,ATS_Montagna,-7.180023,24.72543,83.94435
2021-01-02,ATS_Montagna,-4.5967712,30.309694,85.59291
2021-01-03,ATS_Montagna,-2.8819275,35.413788,88.48625
2021-01-04,ATS_Montagna,-5.2591248,24.115028,71.892845
2021-01-05,ATS_Montagna,-7.8872986,20.35091,73.25716
2021-01-06,ATS_Montagna,-6.8782654,23.206554,77.36571
2021-01-07,ATS_Montagna,-8.350922,15.140249,56.00656
2021-01-08,ATS_Montagna,-11.157318,12.355687,57.07025
2021-01-09,ATS_Montagna,-11.643646,11.250072,53.34601
2021-01-10,ATS_Montagna,-9.796967,12.086596,49.66621
2021-01-11,ATS_Montagna,-12.2725525,9.173874,44.821384
2021-01-12,ATS_Montagna,-11.502777,12.768112,59.737556
2021-01-13,ATS_Montagna,-7.666107,16.39766,58.357285
2021-01-14,ATS_Montagna,-6.920746,23.382534,78.70564
2021-01-15,ATS_Montagna,-6.019867,26.406094,82.27455
2021-01-16,ATS_Montagna,-10.522797,12.698193,57.300716
2021-01-17,ATS_Montagna,-6.003998,19.244665,62.343925
2021-01-18,ATS_Montagna,-9.266449,17.12261,68.26921
2021-01-19,ATS_Montagna,-5.592865,17.007751,51.75039
2021-01-20,ATS_Montagna,-3.9097595,25.265505,67.818504
2021-01-21,ATS_Montagna,-2.19516,35.81494,84.62206
2021-01-22,ATS_Montagna,-2.1739197,37.86089,90.00418
2021-01-23,ATS_Montagna,-4.849701,23.0487,66.533615
2021-01-24,ATS_Montagna,-6.8868103,15.1858425,49.118774
2021-01-25,ATS_Montagna,-6.1976013,15.118132,49.77393
2021-01-26,ATS_Montagna,-10.095062,14.087598,59.69889
2021-01-27,ATS_Montagna,-9.309418,18.188572,71.970535
2021-01-28,ATS_Montagna,-5.061859,28.835306,84.18225
2021-01-29,ATS_Montagna,-3.2261658,29.653034,76.13447
2021-01-30,ATS_Montagna,-2.0328064,26.710333,62.990875
2021-01-31,ATS_Montagna,0.16885376,32.759987,66.94687
2021-02-01,ATS_Montagna,-1.5750427,35.916687,81.96877
2021-02-02,ATS_Montagna,0.38931274,34.390953,68.76819
2021-02-03,ATS_Montagna,-1.1211853,42.37561,94.16864
2021-02-04,ATS_Montagna,1.9454651,35.02369,62.203995
2021-02-05,ATS_Montagna,1.9137268,46.775063,84.24701
2021-02-06,ATS_Montagna,2.3990784,45.2068,79.26944
2021-02-07,ATS_Montagna,-1.3770447,43.721558,98.98175
2021-02-08,ATS_Montagna,-3.0115662,27.646534,68.90489
2021-02-09,ATS_Montagna,-0.80184937,40.1902,87.266235
2021-02-10,ATS_Montagna,-2.182953,37.45977,88.90462
2021-02-11,ATS_Montagna,-4.773041,18.462862,52.260635
2021-02-12,ATS_Montagna,-7.384857,23.851374,81.89328
2021-02-13,ATS_Montagna,-10.446625,21.204235,92.426765
2021-02-14,ATS_Montagna,-8.332367,8.753542,31.333305
2021-02-15,ATS_Montagna,-5.3265076,11.937494,35.091465
2021-02-16,ATS_Montagna,1.8841858,36.904896,66.93724
2021-02-17,ATS_Montagna,1.9303284,25.841885,46.139942
2021-02-18,ATS_Montagna,0.85562134,24.666101,46.79992
2021-02-19,ATS_Montagna,0.4623108,36.326294,72.04721
2021-02-20,ATS_Montagna,2.4898987,35.648468,61.286762
2021-02-21,ATS_Montagna,4.0589905,33.284637,51.5194
2021-02-22,ATS_Montagna,3.5555725,33.304653,53.077293
2021-02-23,ATS_Montagna,6.407379,37.619125,50.720467
2021-02-24,ATS_Montagna,7.686432,24.68195,30.15826
2021-02-25,ATS_Montagna,7.7027893,21.035503,25.661888
2021-02-26,ATS_Montagna,7.754059,18.194008,21.939651
2021-02-27,ATS_Montagna,4.3539124,41.64399,64.2963
2021-02-28,ATS_Montagna,2.1717834,20.641357,34.44651
2021-03-01,ATS_Montagna,3.4537659,27.862709,44.58982
2021-03-02,ATS_Montagna,4.6090393,21.190762,30.96821
2021-03-03,ATS_Montagna,3.7169495,20.895176,32.569885
2021-03-04,ATS_Montagna,2.3868713,21.47709,36.49975
2021-03-05,ATS_Montagna,1.5968323,34.693245,63.486717
2021-03-06,ATS_Montagna,-2.4893494,33.359196,81.06218
2021-03-07,ATS_Montagna,0.1510315,28.321962,57.150482
2021-03-08,ATS_Montagna,0.6835022,27.781635,53.215034
2021-03-09,ATS_Montagna,-0.86898804,32.461357,70.17876
2021-03-10,ATS_Montagna,-0.6758728,20.0899,43.154602
2021-03-11,ATS_Montagna,1.052887,31.192331,59.55136
2021-03-12,ATS_Montagna,1.7794495,34.42228,61.647423
2021-03-13,ATS_Montagna,2.0541077,30.694881,54.383354
2021-03-14,ATS_Montagna,-3.2273865,16.490324,42.84043
2021-03-15,ATS_Montagna,-0.8772888,26.911469,58.5644
2021-03-16,ATS_Montagna,-2.7842712,16.3327,41.12542
2021-03-17,ATS_Montagna,-2.1038513,19.19014,45.409798
2021-03-18,ATS_Montagna,-4.268158,15.885717,43.39535
2021-03-19,ATS_Montagna,-4.9602966,17.137268,49.146755
2021-03-20,ATS_Montagna,-5.316498,12.818509,38.90341
2021-03-21,ATS_Montagna,-2.4620056,22.176937,54.837315
2021-03-22,ATS_Montagna,-1.275238,23.423794,52.316666
2021-03-23,ATS_Montagna,0.48379517,22.32183,44.25809
2021-03-24,ATS_Montagna,4.0829163,21.956617,33.30324
2021-03-25,ATS_Montagna,4.7081604,33.61512,50.1531
2021-03-26,ATS_Montagna,4.674469,38.161537,56.70758
2021-03-27,ATS_Montagna,2.7008362,47.69606,81.18225
2021-03-28,ATS_Montagna,5.07193,34.20008,49.03133
2021-03-29,ATS_Montagna,8.407135,27.99955,32.450138
2021-03-30,ATS_Montagna,11.279694,27.415785,26.504116
2021-03-31,ATS_Montagna,9.436188,48.11737,53.244698
2021-04-01,ATS_Montagna,11.096344,27.012428,25.634434
2021-04-02,ATS_Montagna,10.156403,42.047165,44.81366
2021-04-03,ATS_Montagna,6.0604553,26.408016,36.12509
2021-04-04,ATS_Montagna,1.186676,29.472858,54.90202
2021-04-05,ATS_Montagna,3.913971,34.760185,54.61827
2021-04-06,ATS_Montagna,-3.9881287,15.205452,41.13627
2021-04-07,ATS_Montagna,-6.8077087,11.9248295,42.027267
2021-04-08,ATS_Montagna,0.2406311,19.014816,38.927208
2021-04-09,ATS_Montagna,2.4198303,32.60981,56.53369
2021-04-10,ATS_Montagna,1.6864319,36.669785,67.46458
2021-04-11,ATS_Montagna,0.39785767,48.74558,97.478516
2021-04-12,ATS_Montagna,2.6666565,57.370953,97.76213
2021-04-13,ATS_Montagna,-0.74887085,23.410599,50.129463
2021-04-14,ATS_Montagna,-0.9854431,17.071993,36.14794
2021-04-15,ATS_Montagna,-2.999115,28.20998,67.83174
2021-04-16,ATS_Montagna,-0.59310913,20.030218,42.008224
2021-04-17,ATS_Montagna,2.3634338,19.523647,34.333603
2021-04-18,ATS_Montagna,0.81851196,27.335938,51.691666
2021-11-15,ATS_Montagna,3.363678,52.653877,85.36723
2021-11-16,ATS_Montagna,2.604889,49.434097,83.37384
2021-11-17,ATS_Montagna,4.690338,56.916424,84.35997
2021-11-18,ATS_Montagna,3.132721,48.067482,78.35866
2021-11-19,ATS_Montagna,6.018463,34.028305,46.506786
2021-11-20,ATS_Montagna,5.733551,37.02423,51.09688
2021-11-21,ATS_Montagna,3.4586487,38.042526,61.16944
2021-11-22,ATS_Montagna,0.22280884,47.709576,95.594986
2021-11-23,ATS_Montagna,0.46377563,44.16532,87.48227
2021-11-24,ATS_Montagna,1.6459045,28.545229,50.696243
2021-11-25,ATS_Montagna,-0.22006226,33.724197,69.69698
2021-11-26,ATS_Montagna,0.43740845,42.97975,85.18202
2021-11-27,ATS_Montagna,-3.4029236,34.815674,89.88084
2021-11-28,ATS_Montagna,-5.249359,25.790762,75.77823
2021-11-29,ATS_Montagna,-7.972748,18.639486,67.260284
2021-11-30,ATS_Montagna,-6.323578,20.515743,65.31014
2021-12-01,ATS_Montagna,-1.3206482,34.247894,77.17692
2021-12-02,ATS_Montagna,-3.1512146,29.594074,75.03339
2021-12-03,ATS_Montagna,-7.1287537,14.847815,51.867794
2021-12-04,ATS_Montagna,-3.5757751,24.898655,66.50298
2021-12-05,ATS_Montagna,-4.032318,21.571356,60.5915
2021-12-06,ATS_Montagna,-6.855072,15.564356,54.88714
2021-12-07,ATS_Montagna,-4.478363,18.320854,53.243225
2021-12-08,ATS_Montagna,-6.5281677,28.841917,93.23062
2021-12-09,ATS_Montagna,-6.1184998,23.425396,73.875626
2021-12-10,ATS_Montagna,-7.132416,25.382614,85.999535
2021-12-11,ATS_Montagna,-5.6455994,17.796207,57.233284
2021-12-12,ATS_Montagna,-6.072357,16.746677,54.60218
2021-12-13,ATS_Montagna,2.4867249,40.533226,70.19181
2021-12-14,ATS_Montagna,-1.4292908,31.957016,70.15358
2021-12-15,ATS_Montagna,2.41568,31.00394,54.729942
2021-12-16,ATS_Montagna,0.64663696,30.401855,58.60093
2021-12-17,ATS_Montagna,-1.7920837,26.712856,59.2013
2021-12-18,ATS_Montagna,-2.1678162,20.87606,49.91729
2021-12-19,ATS_Montagna,-2.53891,26.94209,64.37506
2021-12-20,ATS_Montagna,-2.5003357,21.450314,50.977234
2021-12-21,ATS_Montagna,-5.427826,22.584505,62.489075
2021-12-22,ATS_Montagna,-5.297943,11.144424,34.127426
2021-12-23,ATS_Montagna,-6.8904724,13.836636,45.52768
2021-12-24,ATS_Montagna,-1.6348572,26.285374,61.779797
2021-12-25,ATS_Montagna,-0.9883728,31.803852,70.38726
2021-12-26,ATS_Montagna,-0.6006775,33.83911,71.339165
2021-12-27,ATS_Montagna,-1.6477966,34.732883,79.60823
2021-12-28,ATS_Montagna,-0.33480835,40.586594,85.35135
2021-12-29,ATS_Montagna,0.3919983,35.63763,70.97354
2021-12-30,ATS_Montagna,3.7992249,53.298717,83.92085
2021-12-31,ATS_Montagna,2.4981995,36.757664,62.545162
2022-01-01,ATS_Montagna,0.11416626,29.307417,58.475014
2022-01-02,ATS_Montagna,0.59976196,28.731312,54.26674
2022-01-03,ATS_Montagna,-0.09213257,25.875603,54.415047
2022-01-04,ATS_Montagna,-0.18392944,41.175613,85.40732
2022-01-05,ATS_Montagna,-1.4510193,35.86904,81.13128
2022-01-06,ATS_Montagna,-7.436615,20.69018,71.23573
2022-01-07,ATS_Montagna,-7.472992,18.401978,60.609352
2022-01-08,ATS_Montagna,-6.910492,15.82593,54.018173
2022-01-09,ATS_Montagna,-7.1421814,20.149536,67.45967
2022-01-10,ATS_Montagna,-8.7395935,14.045759,57.192814
2022-01-11,ATS_Montagna,-7.3088684,11.485567,44.62152
2022-01-12,ATS_Montagna,-8.009094,7.793849,33.792435
2022-01-13,ATS_Montagna,-5.554779,9.240768,33.705887
2022-01-14,ATS_Montagna,-1.007904,17.52486,41.973392
2022-01-15,ATS_Montagna,1.6632385,19.266964,37.147068
2022-01-16,ATS_Montagna,0.5680237,18.628326,39.56314
2022-01-17,ATS_Montagna,-1.6297302,19.572304,48.80757
2022-01-18,ATS_Montagna,-2.4839783,20.542526,52.003304
2022-01-19,ATS_Montagna,-0.9961853,18.231611,41.109444
2022-01-20,ATS_Montagna,-2.9290466,20.502808,54.821617
2022-01-21,ATS_Montagna,-8.007172,13.765533,53.39276
2022-01-22,ATS_Montagna,-5.4200134,19.518309,61.726604
2022-01-23,ATS_Montagna,-2.492035,21.555222,54.622467
2022-01-24,ATS_Montagna,-1.4944763,21.05084,49.965904
2022-01-25,ATS_Montagna,-0.43588257,22.434013,50.542793
2022-01-26,ATS_Montagna,-0.38388062,21.36716,49.04222
2022-01-27,ATS_Montagna,-1.1233826,18.187826,45.21853
2022-01-28,ATS_Montagna,-2.7798767,11.982722,33.29017
2022-01-29,ATS_Montagna,0.6564026,15.849147,34.43448
2022-01-30,ATS_Montagna,3.1393127,23.78136,42.52936
2022-01-31,ATS_Montagna,1.0272522,21.171024,43.47996
2022-02-01,ATS_Montagna,-4.0247498,19.201078,52.58898
2022-02-02,ATS_Montagna,-0.4041443,33.975098,71.90699
2022-02-03,ATS_Montagna,1.1886292,32.16365,61.2548
2022-02-04,ATS_Montagna,0.44180298,33.080765,65.45349
2022-02-05,ATS_Montagna,-0.37557983,24.387127,52.70321
2022-02-06,ATS_Montagna,-0.0652771,20.70208,42.246857
2022-02-07,ATS_Montagna,-4.3106384,12.22467,36.413803
2022-02-08,ATS_Montagna,0.13442993,14.291981,33.378555
2022-02-09,ATS_Montagna,5.7171936,21.434067,30.98436
2022-02-10,ATS_Montagna,3.7638245,21.162136,33.416763
2022-02-11,ATS_Montagna,0.28945923,23.475702,48.176407
2022-02-12,ATS_Montagna,-1.8460388,6.754652,14.591722
2022-02-13,ATS_Montagna,-1.4788513,14.003065,29.974157
2022-02-14,ATS_Montagna,-2.8995056,26.47102,66.52066
2022-02-15,ATS_Montagna,-3.4224548,33.054962,85.68808
2022-02-16,ATS_Montagna,-2.0569763,25.37643,59.315914
2022-02-17,ATS_Montagna,2.5274963,38.368156,66.32675
2022-02-18,ATS_Montagna,4.686432,24.129856,35.686707
2022-02-19,ATS_Montagna,0.8031311,34.918777,68.42294
2022-02-20,ATS_Montagna,1.4584045,25.044672,50.166893
2022-02-21,ATS_Montagna,0.5975647,24.07448,48.351555
2022-02-22,ATS_Montagna,-0.50009155,18.1023,40.876945
2022-02-23,ATS_Montagna,3.4789124,26.45602,44.639503
2022-02-24,ATS_Montagna,2.0941467,25.381136,46.974144
2022-02-25,ATS_Montagna,-0.063812256,21.05232,45.52948
2022-02-26,ATS_Montagna,-3.5584412,12.748396,38.505547
2022-02-27,ATS_Montagna,-3.9646912,10.562822,30.913223
2022-02-28,ATS_Montagna,0.28359985,11.113283,27.081207
2022-03-01,ATS_Montagna,-1.9082947,17.519253,40.797913
2022-03-02,ATS_Montagna,1.7013245,17.312866,32.20659
2022-03-03,ATS_Montagna,3.0497131,23.454727,40.474716
2022-03-04,ATS_Montagna,-1.3421326,17.301575,38.849262
2022-03-05,ATS_Montagna,-2.7771912,13.868839,33.02674
2022-03-06,ATS_Montagna,-3.535492,15.42925,40.48815
2022-03-07,ATS_Montagna,-1.5987244,14.500496,33.525642
2022-03-08,ATS_Montagna,-4.0325623,19.419476,52.025955
2022-03-09,ATS_Montagna,2.9415588,12.71233,21.36319
2022-03-10,ATS_Montagna,4.4532776,11.603527,17.10205
2022-03-11,ATS_Montagna,0.0975647,27.398949,56.42652
2022-03-12,ATS_Montagna,-0.36361694,27.702024,58.90012
2022-03-13,ATS_Montagna,0.9654846,24.485535,47.719734
2022-03-14,ATS_Montagna,4.794342,30.51907,46.180885
2022-03-15,ATS_Montagna,2.7413635,38.35534,66.012505
2022-03-16,ATS_Montagna,8.954498,38.163467,43.69912
2022-03-17,ATS_Montagna,4.5797424,44.9285,67.4357
2022-03-18,ATS_Montagna,2.7638245,51.50146,87.69697
2022-03-19,ATS_Montagna,2.4735413,36.346573,62.512585
2022-03-20,ATS_Montagna,1.57901,22.672874,42.26233
2022-03-21,ATS_Montagna,3.763092,22.98925,37.318962
2022-03-22,ATS_Montagna,5.1214905,21.191935,30.516186
2022-03-23,ATS_Montagna,8.45694,14.623326,17.409893
2022-03-24,ATS_Montagna,10.00528,16.874771,18.36767
2022-03-25,ATS_Montagna,8.761871,23.273523,27.240894
2022-03-26,ATS_Montagna,7.901764,21.245193,27.625122
2022-03-27,ATS_Montagna,8.98233,19.63581,22.851818
2022-03-28,ATS_Montagna,8.615875,29.737272,35.944492
2022-03-29,ATS_Montagna,6.928131,31.116882,40.559494
2022-03-30,ATS_Montagna,0.6654358,46.911537,91.935104
2022-03-31,ATS_Montagna,3.3888245,43.545544,70.63014
2022-04-01,ATS_Montagna,-0.6026306,42.742294,91.23494
2022-04-02,ATS_Montagna,-3.3330994,31.175795,80.477844
2022-04-03,ATS_Montagna,-4.1184998,24.680517,66.52002
2022-04-04,ATS_Montagna,-1.4385681,27.20588,61.15638
2022-04-05,ATS_Montagna,8.037994,36.461487,44.22782
2022-04-06,ATS_Montagna,6.912506,41.962982,54.55197
2022-04-07,ATS_Montagna,7.983307,37.783333,45.900536
2022-04-08,ATS_Montagna,9.819,44.566082,48.208324
2022-04-09,ATS_Montagna,3.2694397,19.066854,32.833286
2022-04-10,ATS_Montagna,2.6732483,16.733995,28.41883
2022-04-11,ATS_Montagna,7.155426,29.108294,37.13453
2022-04-12,ATS_Montagna,9.490875,37.573753,41.269684
2022-04-13,ATS_Montagna,11.961578,43.795242,41.109783
2022-04-14,ATS_Montagna,13.700104,38.606422,32.466663
2022-04-15,ATS_Montagna,14.136871,44.79413,36.318848
2022-04-16,ATS_Montagna,9.345367,27.905167,32.90383
2022-04-17,ATS_Montagna,7.0243225,27.613762,36.952827
2022-11-14,ATS_Montagna,3.098297,49.65737,82.227745
2022-11-15,ATS_Montagna,1.3148499,49.821686,92.94389
2022-11-16,ATS_Montagna,3.7816467,58.254456,92.46511
2022-11-17,ATS_Montagna,5.21109,48.31877,69.80072
2022-11-18,ATS_Montagna,3.9247131,36.689804,57.564957
2022-11-19,ATS_Montagna,2.8714905,25.942799,42.80945
2022-11-20,ATS_Montagna,1.8478088,22.123093,39.23524
2022-11-21,ATS_Montagna,2.7882385,24.129848,40.498657
2022-11-22,ATS_Montagna,-1.2344666,36.7966,82.02571
2022-11-23,ATS_Montagna,-0.9617615,26.132458,56.445797
2022-11-24,ATS_Montagna,2.0973206,26.928814,47.53209
2022-11-25,ATS_Montagna,2.8172913,25.333748,41.584793
2022-11-26,ATS_Montagna,1.1683655,25.499088,48.151287
2022-11-27,ATS_Montagna,2.0672913,14.664374,24.061174
2022-11-28,ATS_Montagna,0.38858032,37.184586,74.11565
2022-11-29,ATS_Montagna,-0.71591187,38.614124,83.01053
2022-11-30,ATS_Montagna,-0.37338257,37.5746,79.06627
2022-12-01,ATS_Montagna,-0.33041382,31.614376,65.75897
2022-12-02,ATS_Montagna,-1.6097107,38.266426,87.6582
2022-12-03,ATS_Montagna,-1.3538513,38.25052,86.6671
2022-12-04,ATS_Montagna,-0.7754822,45.64155,98.948166
2022-12-05,ATS_Montagna,-1.2874451,44.433746,99.92183
2022-12-06,ATS_Montagna,-2.851654,21.908556,51.913513
2022-12-07,ATS_Montagna,-4.4842224,24.361666,66.3026
2022-12-08,ATS_Montagna,-5.554291,24.60344,73.32949
2022-12-09,ATS_Montagna,-1.8177185,40.389275,93.74287
2022-12-10,ATS_Montagna,-0.6878357,35.908134,77.145485
2022-12-11,ATS_Montagna,-8.0208435,17.08855,61.45665
2022-12-12,ATS_Montagna,-11.845009,9.035613,42.08448
2022-12-13,ATS_Montagna,-7.6893005,20.844208,71.70174
2022-12-14,ATS_Montagna,-2.8128357,23.910866,60.176575
2022-12-15,ATS_Montagna,-2.9334412,27.96056,70.75755
2022-12-16,ATS_Montagna,-0.92855835,43.953102,96.041695
2022-12-17,ATS_Montagna,-4.7290955,23.694855,63.10682
2022-12-18,ATS_Montagna,-4.59848,15.393002,42.320168
2022-12-19,ATS_Montagna,-1.2120056,21.893597,49.1426
2022-12-20,ATS_Montagna,-1.2762146,28.16455,61.691406
2022-12-21,ATS_Montagna,0.08633423,40.664196,82.150475
2022-12-22,ATS_Montagna,-0.88217163,34.88169,74.69296
2022-12-23,ATS_Montagna,2.4413147,41.841442,71.72807
2022-12-24,ATS_Montagna,3.3417053,44.890938,72.488754
2022-12-25,ATS_Montagna,1.4225159,40.91234,75.44414
2022-12-26,ATS_Montagna,1.1366272,45.028297,83.831795
2022-12-27,ATS_Montagna,0.785553,36.250774,70.13803
2022-12-28,ATS_Montagna,0.30947876,31.55684,62.575264
2022-12-29,ATS_Montagna,-0.38900757,35.831207,74.85235
2022-12-30,ATS_Montagna,0.99942017,48.107567,91.87555
2022-12-31,ATS_Montagna,3.8263245,47.51625,73.82236
2023-01-01,ATS_Montagna,4.44693,55.2173,84.03697
2023-01-02,ATS_Montagna,3.2706604,50.60173,82.90462
2023-01-03,ATS_Montagna,2.1688538,55.203407,97.33072
2023-01-04,ATS_Montagna,1.8946838,41.714764,73.94412
2023-01-05,ATS_Montagna,5.3502502,45.295734,65.57608
2023-01-06,ATS_Montagna,4.29068,28.348278,43.09517
2023-01-07,ATS_Montagna,3.238922,33.93696,55.07555
2023-01-08,ATS_Montagna,-0.72250366,44.765144,96.35313
2023-01-09,ATS_Montagna,-1.4212341,33.085888,73.20778
2023-01-10,ATS_Montagna,-4.3091736,19.66043,55.70897
2023-01-11,ATS_Montagna,1.6210022,25.509274,48.236202
2023-01-12,ATS_Montagna,1.5045471,23.422699,42.814312
2023-01-13,ATS_Montagna,2.1112366,26.772068,47.51991
2023-01-14,ATS_Montagna,1.7159729,22.829632,41.57127
2023-01-15,ATS_Montagna,1.136383,37.970295,72.358635
2023-01-16,ATS_Montagna,-2.938568,28.270924,70.65286
2023-01-17,ATS_Montagna,-5.6941833,28.047058,85.23642
2023-01-18,ATS_Montagna,-4.332855,23.311218,63.177322
2023-01-19,ATS_Montagna,-7.9185486,16.346922,60.737015
2023-01-20,ATS_Montagna,-7.508148,13.814596,51.0243
2023-01-21,ATS_Montagna,-6.780121,13.0469,46.30465
2023-01-22,ATS_Montagna,-4.1890564,18.414711,52.66845
2023-01-23,ATS_Montagna,-2.6304626,31.055222,77.3683
2023-01-24,ATS_Montagna,-0.30575562,24.979866,52.305008
2023-01-25,ATS_Montagna,1.6366272,26.238098,47.299324
2023-01-26,ATS_Montagna,1.2328186,13.698214,24.54853
2023-01-27,ATS_Montagna,-2.7083435,13.097758,30.688667
2023-01-28,ATS_Montagna,-1.4429626,16.490967,37.098007
2023-01-29,ATS_Montagna,0.3109436,18.596788,36.75464
2023-01-30,ATS_Montagna,4.629059,9.759375,14.644729
2023-01-31,ATS_Montagna,1.7911682,5.2340875,9.375001
2023-02-01,ATS_Montagna,2.5497131,13.020281,22.402084
2023-02-02,ATS_Montagna,3.4252014,17.42833,28.729809
2023-02-03,ATS_Montagna,5.806305,14.399081,19.691078
2023-02-04,ATS_Montagna,4.572418,21.045078,31.300064
2023-02-05,ATS_Montagna,0.7140198,14.27737,27.303791
2023-02-06,ATS_Montagna,-1.9275818,17.393026,39.505386
2023-02-07,ATS_Montagna,-2.6065369,13.5258875,32.301506
2023-02-08,ATS_Montagna,-4.451996,20.25521,56.68857
2023-02-09,ATS_Montagna,-3.8577576,16.065647,42.882847
2023-02-10,ATS_Montagna,2.4840393,3.6709762,6.0076056
2023-02-11,ATS_Montagna,5.8509827,6.6487274,9.356472
2023-02-12,ATS_Montagna,8.545074,20.787971,24.389626
2023-02-13,ATS_Montagna,7.997467,23.679401,28.222443
2023-02-14,ATS_Montagna,10.193024,8.974922,8.992134
2023-02-15,ATS_Montagna,9.9027405,9.795899,10.123122
2023-02-16,ATS_Montagna,6.3280334,21.414116,28.831646
2023-02-17,ATS_Montagna,7.3351135,30.175797,39.02932
2023-02-18,ATS_Montagna,8.376862,31.385448,36.889515
2023-02-19,ATS_Montagna,7.912018,27.890997,34.67345
2023-02-20,ATS_Montagna,8.40567,24.762445,29.102512
2023-02-21,ATS_Montagna,10.865509,16.442318,15.76862
2023-02-22,ATS_Montagna,6.3700256,40.102257,53.84694
2023-02-23,ATS_Montagna,4.386627,41.440628,62.519073
2023-02-24,ATS_Montagna,3.379303,46.378242,74.20048
2023-02-25,ATS_Montagna,4.2428284,35.849586,54.8524
2023-02-26,ATS_Montagna,-5.8226013,14.076376,44.52059
2023-02-27,ATS_Montagna,-1.4952087,24.403728,55.25016
2023-02-28,ATS_Montagna,0.45620728,25.771194,50.76935
2023-03-01,ATS_Montagna,2.021637,21.901752,39.090904
2023-03-02,ATS_Montagna,1.3805237,32.09941,58.83117
2023-03-03,ATS_Montagna,3.2186584,29.446339,49.29413
2023-03-04,ATS_Montagna,4.419586,18.543978,26.718636
2023-03-05,ATS_Montagna,3.6996155,23.342182,37.098312
2023-03-06,ATS_Montagna,1.1349182,41.263947,76.14804
2023-03-07,ATS_Montagna,1.8578186,32.312294,58.18729
2023-03-08,ATS_Montagna,3.7565002,36.73738,58.664185
2023-03-09,ATS_Montagna,7.15567,37.59076,47.359955
2023-03-10,ATS_Montagna,4.148102,49.84925,75.54306
2023-03-11,ATS_Montagna,6.29068,33.328045,46.267105
2023-03-12,ATS_Montagna,5.6300354,35.8919,50.047646
2023-03-13,ATS_Montagna,7.440094,41.686058,52.310394
2023-03-14,ATS_Montagna,2.0521545,52.41124,93.18997
2023-03-15,ATS_Montagna,-1.7974548,11.672567,28.267094
2023-03-16,ATS_Montagna,3.500885,20.040207,32.156963
2023-03-17,ATS_Montagna,6.247467,37.017014,50.212196
2023-03-18,ATS_Montagna,6.8280334,40.24302,52.72663
2023-03-19,ATS_Montagna,5.1368713,39.205566,56.79336
2023-03-20,ATS_Montagna,6.115143,45.56125,62.504333
2023-03-21,ATS_Montagna,8.697174,36.780495,42.712845
2023-03-22,ATS_Montagna,9.598053,44.830353,49.64337
2023-03-23,ATS_Montagna,9.142731,46.79866,53.337227
2023-03-24,ATS_Montagna,7.126129,60.001602,76.49759
2023-03-25,ATS_Montagna,5.452057,30.719696,44.23142
2023-03-26,ATS_Montagna,3.9291077,42.723198,66.923676
2023-03-27,ATS_Montagna,2.207428,19.288647,35.359497
2023-03-28,ATS_Montagna,2.980133,7.444066,12.225193
2023-03-29,ATS_Montagna,8.281403,44.952873,53.835648
2023-03-30,ATS_Montagna,6.010895,56.68602,77.89114
2023-03-31,ATS_Montagna,3.080719,54.622284,91.09259
2023-04-01,ATS_Montagna,6.7709045,31.189865,40.840725
2023-04-02,ATS_Montagna,6.370758,34.652855,47.09849
2023-04-03,ATS_Montagna,4.9464417,28.743729,41.22795
2023-04-04,ATS_Montagna,-0.47103882,20.918262,42.715572
2023-04-05,ATS_Montagna,1.2159729,22.167795,41.75419
2023-04-06,ATS_Montagna,2.0487366,18.391142,32.1289
2023-04-07,ATS_Montagna,2.2965393,34.050644,59.397854
2023-04-08,ATS_Montagna,3.865631,30.690708,48.017303
2023-04-09,ATS_Montagna,4.974518,38.01938,53.781944
2023-04-10,ATS_Montagna,6.3041077,27.426025,36.277847
2023-04-11,ATS_Montagna,8.110992,46.476894,55.633816
2023-04-12,ATS_Montagna,4.5279846,52.16806,78.91638
2023-04-13,ATS_Montagna,-0.88949585,39.437683,84.86634
2023-04-14,ATS_Montagna,3.4657288,25.08844,41.590107
2023-04-15,ATS_Montagna,4.6058655,29.12411,43.935284
2023-04-16,ATS_Montagna,6.7694397,33.037422,43.753155
2023-11-13,ATS_Montagna,6.0121155,55.900467,77.38472
2023-11-14,ATS_Montagna,8.768463,63.66912,73.11409
2023-11-15,ATS_Montagna,4.931305,32.642628,48.478573
2023-11-16,ATS_Montagna,3.4044495,31.506752,51.60163
2023-11-17,ATS_Montagna,2.6573792,30.608604,53.682045
2023-11-18,ATS_Montagna,1.8627014,23.69449,44.504528
2023-11-19,ATS_Montagna,6.9649963,56.531452,73.651115
2023-11-20,ATS_Montagna,5.9776917,43.40457,59.57515
2023-11-21,ATS_Montagna,2.3351135,36.004982,64.13691
2023-11-22,ATS_Montagna,2.858551,30.721859,53.308388
2023-11-23,ATS_Montagna,4.920807,29.83728,44.65332
2023-11-24,ATS_Montagna,4.7010803,37.792473,57.236465
2023-11-25,ATS_Montagna,-5.349457,11.173874,35.094963
2023-11-26,ATS_Montagna,-3.9683533,20.85699,57.46174
2023-11-27,ATS_Montagna,-2.335785,23.582294,57.038223
2023-11-28,ATS_Montagna,-0.50790405,26.77368,57.2509
2023-11-29,ATS_Montagna,-4.078949,18.868305,50.443558
2023-11-30,ATS_Montagna,-2.8980408,37.178795,93.6859
2023-12-01,ATS_Montagna,1.7455139,53.029053,97.14245
2023-12-02,ATS_Montagna,-3.6834412,27.381763,72.48336
2023-12-03,ATS_Montagna,-4.940033,17.738312,51.712933
2023-12-04,ATS_Montagna,-6.2549744,22.734818,72.64916
2023-12-05,ATS_Montagna,-3.3414001,31.07074,80.859695
2023-12-06,ATS_Montagna,-1.8274841,26.67711,62.265846
2023-12-07,ATS_Montagna,-5.3145447,20.993788,60.891308
2023-12-08,ATS_Montagna,-4.523041,29.462307,81.955185
2023-12-09,ATS_Montagna,-1.485199,34.782597,78.773315
2023-12-10,ATS_Montagna,-0.72177124,33.131435,71.22645
2023-12-11,ATS_Montagna,0.41763306,47.0186,93.23357
2023-12-12,ATS_Montagna,3.773346,49.606255,78.65539
2023-12-13,ATS_Montagna,0.26919556,49.20833,99.18602
2023-12-14,ATS_Montagna,-1.8152771,35.610123,80.546
2023-12-15,ATS_Montagna,-2.2879333,28.024668,67.55113
2023-12-16,ATS_Montagna,-3.4703064,25.152943,63.61206
2023-12-17,ATS_Montagna,1.0663147,32.57271,59.611343
2023-12-18,ATS_Montagna,3.6127014,32.77619,49.98297
2023-12-19,ATS_Montagna,3.3211975,27.136364,42.21128
2023-12-20,ATS_Montagna,2.315094,39.057083,68.20325
2023-12-21,ATS_Montagna,0.8351135,33.824165,66.291336
2023-12-22,ATS_Montagna,2.3710022,36.124916,63.24615
2023-12-23,ATS_Montagna,4.0360413,33.277794,53.311653
2023-12-24,ATS_Montagna,3.5567932,29.656536,45.775383
2023-12-25,ATS_Montagna,5.0438538,47.5207,69.252716
2023-12-26,ATS_Montagna,3.900055,32.464325,50.506836
2023-12-27,ATS_Montagna,2.183258,16.034664,26.97571
2023-12-28,ATS_Montagna,0.5687561,28.115963,54.028328
2023-12-29,ATS_Montagna,0.84780884,34.39703,65.46945
2023-12-30,ATS_Montagna,0.20401001,30.979649,62.69316
2023-12-31,ATS_Montagna,-0.5957947,42.832825,91.12404
2024-01-01,ATS_Montagna,-2.3296814,27.815271,66.43622
2024-01-02,ATS_Montagna,-1.4969177,27.814178,62.453888
2024-01-03,ATS_Montagna,-0.098480225,38.851208,79.150894
2024-01-04,ATS_Montagna,0.6515198,31.964262,62.260544
2024-01-05,ATS_Montagna,-2.5708923,37.802475,91.95256
2024-01-06,ATS_Montagna,-0.6294861,38.918297,83.43787
2024-01-07,ATS_Montagna,-2.0523376,31.681631,74.79045
2024-01-08,ATS_Montagna,-0.2557068,32.702114,68.305984
2024-01-09,ATS_Montagna,-2.4998474,30.102558,72.54156
2024-01-10,ATS_Montagna,-3.5625916,28.700075,75.35068
2024-01-11,ATS_Montagna,-1.736908,25.146,58.08949
2024-01-12,ATS_Montagna,-1.7662048,22.524937,52.401512
2024-01-13,ATS_Montagna,-5.5345154,13.928354,40.851334
2024-01-14,ATS_Montagna,-6.995453,13.176209,42.989742
2024-01-15,ATS_Montagna,-2.0306091,24.74752,58.772617
2024-01-16,ATS_Montagna,-4.068939,16.049541,42.731552
2024-01-17,ATS_Montagna,-2.9795837,36.55781,92.3769
2024-01-18,ATS_Montagna,2.119049,45.46522,80.73915
2024-01-19,ATS_Montagna,-4.4217224,21.64217,60.48448
2024-01-20,ATS_Montagna,-6.726654,12.13879,40.096493
2024-01-21,ATS_Montagna,-4.528656,13.280933,36.564545
2024-01-22,ATS_Montagna,-0.8069763,15.14719,33.04734
2024-01-23,ATS_Montagna,0.4125061,30.04648,58.9619
2024-01-24,ATS_Montagna,6.2328186,45.807823,63.3348
2024-01-25,ATS_Montagna,6.71109,48.069668,64.1517
2024-01-26,ATS_Montagna,4.991852,42.39145,64.32398
2024-01-27,ATS_Montagna,3.7084045,31.982811,52.543312
2024-01-28,ATS_Montagna,3.0643616,25.292316,41.292908
2024-01-29,ATS_Montagna,5.6297913,20.80632,29.285402
2024-01-30,ATS_Montagna,5.496002,26.92479,38.27504
2024-01-31,ATS_Montagna,6.5455627,24.083668,32.343994
2024-02-01,ATS_Montagna,2.0116272,38.020813,68.56955
2024-02-02,ATS_Montagna,4.7018127,26.211359,41.438946
2024-02-03,ATS_Montagna,9.096588,44.39617,51.985634
2024-02-04,ATS_Montagna,8.4711,29.783272,37.69779
2024-02-05,ATS_Montagna,9.0416565,33.515335,40.289047
2024-02-06,ATS_Montagna,7.063629,22.417744,28.68541
2024-02-07,ATS_Montagna,3.6876526,31.618793,52.233704
2024-02-08,ATS_Montagna,5.0086975,40.600803,60.67951
2024-02-09,ATS_Montagna,0.09829712,47.181965,96.44613
2024-02-10,ATS_Montagna,-0.18978882,44.115753,91.901344
2024-02-11,ATS_Montagna,0.7677307,43.9897,85.35643
2024-02-12,ATS_Montagna,1.0814514,32.770584,61.360676
2024-02-13,ATS_Montagna,1.4454651,25.092667,47.578094
2024-02-14,ATS_Montagna,4.830719,14.6551,21.33038
2024-02-15,ATS_Montagna,6.7936096,33.895653,44.37587
2024-02-16,ATS_Montagna,7.8177795,34.354538,41.731274
2024-02-17,ATS_Montagna,8.914459,43.89118,50.2856
2024-02-18,ATS_Montagna,6.584381,54.281067,71.5007
2024-02-19,ATS_Montagna,5.447418,37.143394,53.876984
2024-02-20,ATS_Montagna,3.51651,36.800396,58.91993
2024-02-21,ATS_Montagna,3.3922424,35.606186,57.605648
2024-02-22,ATS_Montagna,-0.1302185,42.690018,87.89796
2024-02-23,ATS_Montagna,-2.0071716,42.118546,99.43977
2024-02-24,ATS_Montagna,-1.5943298,40.3596,91.62276
2024-02-25,ATS_Montagna,-1.160492,34.112717,75.559685
2024-02-26,ATS_Montagna,-1.7771912,38.14657,88.590546
2024-02-27,ATS_Montagna,0.37661743,48.3489,96.82907
2024-02-28,ATS_Montagna,4.2101135,53.249332,82.84964
2024-02-29,ATS_Montagna,3.1786194,50.257652,83.291794
2024-03-01,ATS_Montagna,1.7862854,52.208878,95.033676
2024-03-02,ATS_Montagna,1.4335022,49.395454,91.5204
2024-03-03,ATS_Montagna,1.5465393,39.058517,71.49743
2024-03-04,ATS_Montagna,3.7616272,46.23326,73.168175
2024-03-05,ATS_Montagna,4.952545,47.472923,68.60023
2024-03-06,ATS_Montagna,2.066803,37.99952,67.525024
2024-03-07,ATS_Montagna,0.9039612,39.16763,75.26247
2024-03-08,ATS_Montagna,-0.26034546,38.630196,80.04146
2024-03-09,ATS_Montagna,0.955719,43.715527,83.63566
2024-03-10,ATS_Montagna,-0.8453064,43.680367,95.13673
2024-03-11,ATS_Montagna,0.79849243,27.085943,51.049175
2024-03-12,ATS_Montagna,1.0133362,28.868624,55.718414
2024-03-13,ATS_Montagna,4.6617737,48.199234,72.315506
2024-03-14,ATS_Montagna,8.056793,41.8111,49.079636
2024-03-15,ATS_Montagna,8.092926,46.698418,55.0905
2024-03-16,ATS_Montagna,7.3021545,40.543102,51.533623
2024-03-17,ATS_Montagna,7.3749084,40.761246,51.174248
2024-03-18,ATS_Montagna,2.8900452,52.58542,88.14201
2024-03-19,ATS_Montagna,8.451569,40.477364,46.13578
2024-03-20,ATS_Montagna,8.017242,47.078743,56.477715
2024-03-21,ATS_Montagna,8.147858,50.493103,62.0455
2024-03-22,ATS_Montagna,9.900299,30.104889,31.375134
2024-03-23,ATS_Montagna,6.233307,54.484207,73.50601
2024-03-24,ATS_Montagna,1.5653381,20.306768,37.72976
2024-03-25,ATS_Montagna,2.5602112,25.276756,42.746513
2024-03-26,ATS_Montagna,-0.41366577,36.72467,77.39224
2024-03-27,ATS_Montagna,0.14297485,47.727943,97.13208
2024-03-28,ATS_Montagna,-1.1182556,43.50427,96.475464
2024-03-29,ATS_Montagna,2.0311584,50.515255,90.37335
2024-03-30,ATS_Montagna,4.117096,51.917015,81.04817
2024-03-31,ATS_Montagna,0.29971313,49.30201,99.14288
2024-04-01,ATS_Montagna,3.688385,59.066116,93.508835
2024-04-02,ATS_Montagna,6.39859,38.338413,51.35771
2024-04-03,ATS_Montagna,1.6644592,40.274582,73.56778
2024-04-04,ATS_Montagna,8.669342,51.4103,59.362343
2024-04-05,ATS_Montagna,8.751617,55.852028,64.086044
2024-04-06,ATS_Montagna,13.65567,46.203537,37.620712
2024-04-07,ATS_Montagna,15.376862,33.428593,23.65512
2024-04-08,ATS_Montagna,15.042633,61.813324,48.625084
2024-04-09,ATS_Montagna,7.8734436,58.115578,70.2881
2024-04-10,ATS_Montagna,1.8031311,50.123222,90.33719
2024-04-11,ATS_Montagna,11.892975,52.508873,48.988842
2024-04-12,ATS_Montagna,13.2777405,46.107216,38.96092
2024-04-13,ATS_Montagna,14.40152,44.95891,34.800266
2024-04-14,ATS_Montagna,16.518951,41.06828,27.831434
2024-11-11,ATS_Montagna,7.2711487,26.486805,32.416847
2024-11-12,ATS_Montagna,3.0690002,37.434643,61.582764
2024-11-13,ATS_Montagna,5.2796936,27.631695,38.948277
2024-11-14,ATS_Montagna,2.3575745,27.234419,46.62189
2024-11-15,ATS_Montagna,6.164093,22.0946,29.701773
2024-11-16,ATS_Montagna,7.707489,24.03822,29.320053
2024-11-17,ATS_Montagna,6.445343,23.946611,31.594154
2024-11-18,ATS_Montagna,5.200348,28.778072,40.877563
2024-11-19,ATS_Montagna,2.998932,41.85296,69.899025
2024-11-20,ATS_Montagna,-1.8870544,17.506142,41.53428
2024-11-21,ATS_Montagna,-3.2320251,12.322027,31.298409
2024-11-22,ATS_Montagna,-8.204681,12.788132,46.69541
2024-11-23,ATS_Montagna,-1.0784607,9.445285,20.646244
2024-11-24,ATS_Montagna,3.9237366,29.40373,46.100075
2024-11-25,ATS_Montagna,2.3805237,35.998444,62.28481
2024-11-26,ATS_Montagna,2.9466858,56.851044,95.211655
2024-11-27,ATS_Montagna,4.382965,46.7184,70.33066
2024-11-28,ATS_Montagna,5.9220276,43.87935,60.241165
2024-11-29,ATS_Montagna,1.9794006,18.902954,32.710743
2024-11-30,ATS_Montagna,1.9811096,19.185947,33.592976
2024-12-01,ATS_Montagna,4.3885803,15.61771,23.51751
2024-12-02,ATS_Montagna,6.3146057,20.853567,27.53931
2024-12-03,ATS_Montagna,1.2921448,34.02282,64.36758
2024-12-04,ATS_Montagna,-1.5415955,35.80301,79.941986
2024-12-05,ATS_Montagna,-1.6758728,15.437024,33.929535
2024-12-06,ATS_Montagna,0.012359619,29.601425,61.26485
2024-12-07,ATS_Montagna,0.096588135,13.557997,27.10123
2024-12-08,ATS_Montagna,-2.323822,29.863266,72.59056
2024-12-09,ATS_Montagna,-1.410492,30.021605,68.02338
2024-12-10,ATS_Montagna,-1.7901306,29.196365,67.425995
2024-12-11,ATS_Montagna,-0.04940796,23.152992,47.114773
2024-12-12,ATS_Montagna,0.038970947,21.490215,43.10791
2024-12-13,ATS_Montagna,0.06265259,19.04736,38.398293
2024-12-14,ATS_Montagna,-0.62509155,24.952263,53.502956
2024-12-15,ATS_Montagna,-1.9136658,24.104889,58.607613
2024-12-16,ATS_Montagna,6.75235,47.330532,61.791466
2024-12-17,ATS_Montagna,6.763092,34.978165,44.750023
2024-12-18,ATS_Montagna,5.957672,22.809252,30.864485
2024-12-19,ATS_Montagna,0.4388733,42.751167,84.661995
2024-12-20,ATS_Montagna,-3.6824646,20.120504,54.362293
2024-12-21,ATS_Montagna,-4.120941,15.523403,42.187073
2024-12-22,ATS_Montagna,-3.3257751,28.923014,75.76036
2024-12-23,ATS_Montagna,-6.894867,13.743504,48.93758
2024-12-24,ATS_Montagna,-4.3821716,15.8433075,47.7724
2024-12-25,ATS_Montagna,-1.1770935,15.002407,33.238293
2024-12-26,ATS_Montagna,0.83340454,11.4035845,21.132257
2024-12-27,ATS_Montagna,1.9767151,14.661539,25.27557
2024-12-28,ATS_Montagna,4.5135803,23.516365,34.27788
2024-12-29,ATS_Montagna,2.3390198,19.954628,32.378178
2024-12-30,ATS_Montagna,2.13443,21.288479,35.554085
2024-12-31,ATS_Montagna,1.6080627,16.188112,28.821484
2025-01-01,ATS_Montagna,-0.50619507,18.505053,38.215836
2025-01-02,ATS_Montagna,-2.7801208,30.438812,72.975075
2025-01-03,ATS_Montagna,-5.67099,21.047302,64.9538
2025-01-04,ATS_Montagna,-7.5559998,12.302851,37.802467
2025-01-05,ATS_Montagna,-3.9913025,29.551193,78.84729
2025-01-06,ATS_Montagna,-2.4129333,38.117523,92.27757
2025-01-07,ATS_Montagna,-1.1153259,42.334522,93.69409
2025-01-08,ATS_Montagna,-1.6009216,35.644825,81.37035
2025-01-09,ATS_Montagna,-0.21054077,43.909657,91.19266
2025-01-10,ATS_Montagna,-4.8052673,22.8853,64.75784
2025-01-11,ATS_Montagna,-3.978363,22.573122,61.14692
2025-01-12,ATS_Montagna,-6.816498,16.114256,53.268703
2025-01-13,ATS_Montagna,-6.851654,9.782112,30.998169
2025-01-14,ATS_Montagna,-5.112152,9.234391,25.823734
2025-01-15,ATS_Montagna,-4.7608337,21.9327,60.879173
2025-01-16,ATS_Montagna,-2.8074646,25.215294,61.775864
2025-01-17,ATS_Montagna,-2.1353455,18.378866,43.273243
2025-01-18,ATS_Montagna,0.49136353,20.02696,37.813282
2025-01-19,ATS_Montagna,-2.188568,35.701164,83.77143
2025-01-20,ATS_Montagna,-1.3309021,38.331856,85.46276
2025-01-21,ATS_Montagna,0.24258423,35.740986,72.00596
2025-01-22,ATS_Montagna,-1.3216248,37.679543,83.96226
2025-01-23,ATS_Montagna,-0.07675171,42.997917,88.62608
2025-01-24,ATS_Montagna,4.372711,20.252684,30.358086
2025-01-25,ATS_Montagna,0.9220276,39.758026,76.35396
2025-01-26,ATS_Montagna,-0.12631226,45.15483,93.24373
2025-01-27,ATS_Montagna,0.02822876,45.676003,93.54039
2025-01-28,ATS_Montagna,0.4203186,47.922684,95.35493
2025-01-29,ATS_Montagna,-0.467865,31.510464,66.11902
2025-01-30,ATS_Montagna,-0.5706482,32.573364,69.35089
2025-01-31,ATS_Montagna,-1.039154,37.76528,82.6305
2025-02-01,ATS_Montagna,-1.1463318,40.31044,89.73926
2025-02-02,ATS_Montagna,1.2958069,31.072563,57.358315
2025-02-03,ATS_Montagna,3.2416077,21.059572,34.221947
2025-02-04,ATS_Montagna,1.7088928,22.309666,39.870274
2025-02-05,ATS_Montagna,4.2694397,21.61359,32.781857
2025-02-06,ATS_Montagna,1.6073303,26.351326,46.722343
2025-02-07,ATS_Montagna,-2.334076,27.426605,65.638275
2025-02-08,ATS_Montagna,-3.2303162,33.683495,86.760574
2025-02-09,ATS_Montagna,-0.8367615,42.649193,92.67189
2025-02-10,ATS_Montagna,1.0206604,44.227066,84.11935
2025-02-11,ATS_Montagna,0.47842407,43.96059,87.061584
2025-02-12,ATS_Montagna,0.47329712,43.96328,87.10715
2025-02-13,ATS_Montagna,0.03945923,39.211994,79.66037
2025-02-14,ATS_Montagna,-3.5769958,25.9822,67.56293
2025-02-15,ATS_Montagna,1.044342,21.926105,40.409775
2025-02-16,ATS_Montagna,1.2308655,14.399526,26.07437
2025-02-17,ATS_Montagna,-0.9329529,24.513016,53.224815
2025-02-18,ATS_Montagna,0.15054321,17.888641,35.089096
2025-02-19,ATS_Montagna,-3.4952087,24.054243,62.502384
2025-02-20,ATS_Montagna,4.4634094,30.757332,46.75341
2025-02-21,ATS_Montagna,6.2672424,36.47538,48.717808
2025-02-22,ATS_Montagna,3.5047913,43.525223,70.326614
2025-02-23,ATS_Montagna,4.5819397,43.453804,66.137794
2025-02-24,ATS_Montagna,4.9093323,42.425484,62.242836
2025-02-25,ATS_Montagna,1.0919495,45.241745,85.593124
2025-02-26,ATS_Montagna,1.5306702,38.488914,69.978516
2025-02-27,ATS_Montagna,2.8658752,34.394524,57.377495
2025-02-28,ATS_Montagna,1.2633362,29.401138,53.67643
2025-03-01,ATS_Montagna,-0.50180054,34.761795,72.73812
2025-03-02,ATS_Montagna,2.0731506,25.364862,45.160355
2025-03-03,ATS_Montagna,4.5067444,17.203718,24.743567
2025-03-04,ATS_Montagna,5.908844,19.898106,25.98902
2025-03-05,ATS_Montagna,6.9413147,26.381523,33.143852
2025-03-06,ATS_Montagna,5.3614807,28.891682,40.95381
2025-03-07,ATS_Montagna,5.0038147,32.72375,47.325035
2025-03-08,ATS_Montagna,4.855133,31.21202,44.476173
2025-03-09,ATS_Montagna,4.763092,38.962936,58.799118
2025-03-10,ATS_Montagna,1.0829163,48.51313,92.1387
2025-03-11,ATS_Montagna,2.6249084,45.32544,77.16138
2025-03-12,ATS_Montagna,0.3048401,45.06785,90.6873
2025-03-13,ATS_Montagna,0.41275024,46.964813,93.31379
2025-03-14,ATS_Montagna,2.0013733,48.411503,85.887634
2025-03-15,ATS_Montagna,0.84854126,48.61352,94.26073
2025-03-16,ATS_Montagna,1.339508,42.47227,79.40258
2025-03-17,ATS_Montagna,2.6737366,44.77025,75.725204
2025-03-18,ATS_Montagna,-0.45565796,37.129627,78.885895
2025-03-19,ATS_Montagna,3.7433167,22.308327,34.09807
2025-03-20,ATS_Montagna,4.6961975,31.341959,46.226784
2025-03-21,ATS_Montagna,5.6024475,46.094025,64.69344
2025-03-22,ATS_Montagna,1.9686584,51.628967,92.321075
2025-03-23,ATS_Montagna,0.60269165,42.51494,83.05228
2025-03-24,ATS_Montagna,2.795807,43.148895,72.5211
2025-03-25,ATS_Montagna,6.2079163,41.171864,54.07193
2025-03-26,ATS_Montagna,5.8334045,44.001297,60.72967
2025-03-27,ATS_Montagna,7.676178,45.244392,57.298923
2025-03-28,ATS_Montagna,7.8104553,24.673107,27.845463
2025-03-29,ATS_Montagna,5.0282288,40.195377,59.984215
2025-03-30,ATS_Montagna,9.094879,44.311996,51.000565
2025-03-31,ATS_Montagna,4.379547,23.963516,37.688957
2025-04-01,ATS_Montagna,2.2936096,23.828747,42.413322
2025-04-02,ATS_Montagna,6.215973,42.176712,56.91899
2025-04-03,ATS_Montagna,9.34903,39.60925,43.174133
2025-04-04,ATS_Montagna,9.802399,50.70446,53.639145
2025-04-05,ATS_Montagna,10.08194,45.464615,47.809006
2025-04-06,ATS_Montagna,10.475006,43.705627,44.111977
2025-04-07,ATS_Montagna,5.4359436,38.073273,53.893593
2025-04-08,ATS_Montagna,4.3805237,33.87473,51.310802
2025-04-09,ATS_Montagna,6.7064514,40.479362,51.84949
2025-04-10,ATS_Montagna,8.721588,32.340405,37.08146
2025-04-11,ATS_Montagna,12.924225,40.444374,35.746643
2025-04-12,ATS_Montagna,10.911774,67.55931,67.26698
2025-04-13,ATS_Montagna,4.813385,54.403847,80.281784
2025-11-10,ATS_Montagna,5.882965,40.06528,56.393803
2025-11-11,ATS_Montagna,7.5658264,32.631786,39.805084
2025-11-12,ATS_Montagna,8.170319,35.37331,41.187183
2025-11-13,ATS_Montagna,9.702545,36.64022,38.53948
2025-11-14,ATS_Montagna,6.422516,45.279976,59.99453
2025-11-15,ATS_Montagna,4.3644104,56.233486,85.696106
2025-11-16,ATS_Montagna,3.4171448,58.125137,93.98047
2025-11-17,ATS_Montagna,3.7120667,52.592773,83.49222
2025-11-18,ATS_Montagna,-1.9134216,27.28164,62.704002
2025-11-19,ATS_Montagna,-1.7654724,29.151464,67.12234
2025-11-20,ATS_Montagna,-2.7552185,24.89007,61.658943
2025-11-21,ATS_Montagna,-5.7434998,21.380222,66.39286
2025-11-22,ATS_Montagna,-5.351654,16.653833,51.193165
2025-11-23,ATS_Montagna,-4.25766,11.3683815,30.536633
2025-11-24,ATS_Montagna,-2.778656,35.707466,89.16666
2025-11-25,ATS_Montagna,-1.0467224,30.716694,68.62123
2025-11-26,ATS_Montagna,-1.941742,23.778599,58.11862
2025-11-27,ATS_Montagna,-3.1404724,20.49414,54.14611
2025-11-28,ATS_Montagna,1.124176,14.977351,28.710012
2025-11-29,ATS_Montagna,3.9562073,21.764385,35.17165
2025-11-30,ATS_Montagna,2.0467834,29.688133,54.591667
2025-12-01,ATS_Montagna,0.48843384,43.309418,86.12045
2025-12-02,ATS_Montagna,0.99087524,43.139015,82.77648
2025-12-03,ATS_Montagna,0.45620728,39.20584,78.22425
2025-12-04,ATS_Montagna,0.87442017,38.48446,73.742096
2025-12-05,ATS_Montagna,0.6485901,40.896576,79.78223
2025-12-06,ATS_Montagna,1.5873108,29.57043,53.086
2025-12-07,ATS_Montagna,2.158844,31.953499,56.36571
2025-12-08,ATS_Montagna,6.808014,53.83867,70.09603
2025-12-09,ATS_Montagna,4.757965,35.873707,52.803947
2025-12-10,ATS_Montagna,4.8121643,33.89099,48.63449
2025-12-11,ATS_Montagna,4.5921936,31.494799,46.416595
2025-12-12,ATS_Montagna,4.738434,29.910807,44.245445
2025-12-13,ATS_Montagna,4.818512,26.802776,39.039307
2025-12-14,ATS_Montagna,4.208893,25.119259,38.570602
2025-12-15,ATS_Montagna,2.8148499,23.619213,39.500107
2025-12-16,ATS_Montagna,-0.544281,43.313248,92.39131
2025-12-17,ATS_Montagna,2.3692932,53.032528,92.34515
2025-12-18,ATS_Montagna,2.0585022,47.989716,85.40015
2025-12-19,ATS_Montagna,1.695221,40.970257,73.99771
2025-12-20,ATS_Montagna,2.9757385,32.150776,53.571266
2025-12-21,ATS_Montagna,1.7953186,37.35888,67.676254
2025-12-22,ATS_Montagna,0.21279907,30.899773,61.615158
2025-12-23,ATS_Montagna,1.5919495,36.3844,66.83699
2025-12-24,ATS_Montagna,-1.811615,37.47762,86.06953
2025-12-25,ATS_Montagna,-1.1941833,35.382507,79.33714
2025-12-26,ATS_Montagna,-1.1878357,25.800812,56.627884
2025-12-27,ATS_Montagna,0.8673401,21.518764,38.41386
2025-12-28,ATS_Montagna,3.3893127,29.357561,43.181923
2025-12-29,ATS_Montagna,1.5167542,23.270906,39.802338
2025-12-30,ATS_Montagna,-2.917328,20.434103,51.61928
2025-12-31,ATS_Montagna,-7.7344666,9.369943,35.368587
2026-01-01,ATS_Montagna,-4.67807,16.712431,45.381523
2026-01-02,ATS_Montagna,-4.0384216,21.420536,58.87171
2026-01-03,ATS_Montagna,-5.8995056,16.904663,55.851578
2026-01-04,ATS_Montagna,-7.78598,11.440681,43.05639
2026-01-05,ATS_Montagna,-6.2903748,10.105567,32.568657
2026-01-06,ATS_Montagna,-8.933075,6.749253,31.202148
2026-01-07,ATS_Montagna,-10.091949,12.647217,54.487007
2026-01-08,ATS_Montagna,-6.973236,17.496523,62.329628
2026-01-09,ATS_Montagna,-4.0418396,30.055,82.809845
2026-01-10,ATS_Montagna,-4.7955017,18.460913,56.995445
2026-01-11,ATS_Montagna,-5.7622986,13.149764,45.826458
2026-01-12,ATS_Montagna,-2.4546814,18.708134,48.895542
2026-01-13,ATS_Montagna,0.3927307,32.062492,64.46123
2026-01-14,ATS_Montagna,1.0502014,39.62342,75.46622
2026-01-15,ATS_Montagna,0.3536682,43.671875,87.32063
2026-01-16,ATS_Montagna,1.8465881,44.24012,79.81847
2026-01-17,ATS_Montagna,1.8609924,45.158257,81.78781
2026-01-18,ATS_Montagna,0.4762268,40.449886,80.34196
2026-01-19,ATS_Montagna,-0.4571228,36.343132,76.63586
2026-01-20,ATS_Montagna,-0.6897888,28.140882,59.941383
2026-01-21,ATS_Montagna,-0.046966553,25.480885,51.6931
2026-01-22,ATS_Montagna,-1.141449,24.558872,53.6615
2026-01-23,ATS_Montagna,-1.8028259,28.545603,67.47337
2026-01-24,ATS_Montagna,0.23526001,39.303802,79.86586
2026-01-25,ATS_Montagna,-2.4236755,37.69413,91.41849
2026-01-26,ATS_Montagna,-1.0557556,22.376617,49.397865
2026-01-27,ATS_Montagna,-1.3330994,19.937603,44.592636
2026-01-28,ATS_Montagna,-2.4927673,38.947514,94.76666
2026-01-29,ATS_Montagna,-0.3572693,34.678223,72.47615
2026-01-30,ATS_Montagna,-1.5752869,35.09311,79.32129
2026-01-31,ATS_Montagna,-0.9197693,33.82996,73.08469
2026-02-01,ATS_Montagna,-1.3963318,28.209639,63.56023
2026-02-02,ATS_Montagna,-3.1202087,29.17867,74.30174
2026-02-03,ATS_Montagna,-1.6141052,40.26411,92.32662
2026-02-04,ATS_Montagna,-2.4407654,35.955593,87.722084
2026-02-05,ATS_Montagna,2.3050842,40.367462,70.73247
2026-02-06,ATS_Montagna,0.6793518,41.421875,80.99238
2026-02-07,ATS_Montagna,2.4615784,40.169834,68.531525
2026-02-08,ATS_Montagna,2.0472717,35.364067,61.608395
2026-02-09,ATS_Montagna,0.5272522,34.075806,66.480896
2026-02-10,ATS_Montagna,-0.27792358,38.386925,79.9292
2026-02-11,ATS_Montagna,1.851471,44.83012,81.42933
2026-02-12,ATS_Montagna,1.6166077,43.38156,79.4711
2026-02-13,ATS_Montagna,3.8587952,21.056164,33.191048
2026-02-14,ATS_Montagna,0.21084595,43.574486,88.25772
2026-02-15,ATS_Montagna,0.55044556,22.863113,47.04451
2026-02-16,ATS_Montagna,-1.8230896,32.026955,74.67456
2026-02-17,ATS_Montagna,-1.7222595,21.660124,52.36049
2026-02-18,ATS_Montagna,0.65615845,19.616232,38.30923
2026-02-19,ATS_Montagna,-3.481781,35.9058,93.66614
2026-02-20,ATS_Montagna,1.3314514,36.260353,67.90512
2026-02-21,ATS_Montagna,2.4752502,37.575523,66.3842
2026-02-22,ATS_Montagna,6.6044006,34.51121,44.81235
2026-02-23,ATS_Montagna,7.3800354,37.100735,48.021587
2026-02-24,ATS_Montagna,7.9205627,51.443344,63.8852
2026-02-25,ATS_Montagna,7.893219,38.326275,45.463844
2026-02-26,ATS_Montagna,8.800446,31.810993,35.14759
2026-02-27,ATS_Montagna,8.403961,33.796715,38.418137
2026-02-28,ATS_Montagna,7.0538635,31.54538,38.614235
2026-03-01,ATS_Montagna,2.4093323,50.139824,87.03075
2026-03-02,ATS_Montagna,1.1915588,45.760498,85.48387
2026-03-03,ATS_Montagna,4.4076233,39.619358,60.87874
2026-03-04,ATS_Montagna,5.0780334,44.21804,65.350586
2026-03-05,ATS_Montagna,5.2796936,40.20831,58.01193
2026-03-06,ATS_Montagna,7.535553,38.302387,46.94024
2026-03-07,ATS_Montagna,7.5763245,35.55206,43.656605
2026-03-08,ATS_Montagna,6.1512756,35.61629,48.412743
2026-03-09,ATS_Montagna,4.033844,35.164696,56.02678
2026-03-10,ATS_Montagna,3.60318,48.52395,77.207275
2026-03-11,ATS_Montagna,2.3963928,45.412018,77.952995
2026-03-12,ATS_Montagna,5.7740784,44.998566,63.50056
2026-03-13,ATS_Montagna,4.9877014,43.794773,65.0061
2026-03-14,ATS_Montagna,0.74575806,46.333412,89.010925
2026-03-15,ATS_Montagna,1.57901,48.301712,89.25285
2026-03-16,ATS_Montagna,5.666168,39.292793,55.720688
2026-03-17,ATS_Montagna,4.4840393,29.912876,46.30526
2026-03-18,ATS_Montagna,1.9481506,28.807108,52.906662
2026-03-19,ATS_Montagna,5.414215,24.071218,34.44902
2026-03-20,ATS_Montagna,4.714752,28.40038,43.147087
2026-03-21,ATS_Montagna,1.3868713,35.51393,65.87675
2026-03-22,ATS_Montagna,-0.5984802,30.073895,64.10478
2026-03-23,ATS_Montagna,3.3312073,29.377522,48.65347
2026-03-24,ATS_Montagna,4.3016663,32.6021,50.55368
2026-03-25,ATS_Montagna,5.8421936,36.393105,51.31115
2026-03-26,ATS_Montagna,-1.9690857,23.29462,54.78129
2026-03-27,ATS_Montagna,-0.37997437,23.449856,49.10202
2026-03-28,ATS_Montagna,5.587799,29.202766,42.29899
2026-03-29,ATS_Montagna,2.2621155,30.840618,54.05968
2026-03-30,ATS_Montagna,3.4410706,27.982075,45.79838
2026-03-31,ATS_Montagna,-0.9329529,19.584372,43.372646
2026-04-01,ATS_Montagna,1.2955627,26.087875,50.087334
2026-04-02,ATS_Montagna,6.1896057,32.140366,45.039646
2026-04-03,ATS_Montagna,7.731598,28.725819,36.690075
2026-04-04,ATS_Montagna,10.362946,49.1774,52.334846
2026-04-05,ATS_Montagna,12.715973,44.51535,39.9162
2026-04-06,ATS_Montagna,13.682037,42.90734,36.295223
2026-04-07,ATS_Montagna,14.526276,44.70185,35.179283
2026-04-08,ATS_Montagna,14.058746,55.562244,45.404633
2026-04-09,ATS_Montagna,13.406158,47.50762,39.84737
2026-04-10,ATS_Montagna,11.04361,53.838226,54.76374
2026-04-11,ATS_Montagna,10.822662,60.56777,61.562805
2026-04-12,ATS_Montagna,8.377838,56.119682,66.6556
