Data/Ora,Milano Pascal Città Studi,Milano Verziere,Milano v.Marche,Milano v.Senato
2022-01-01,98.0,82.0,135.0,101.0
2022-01-02,54.0,57.0,78.0,77.0
2022-01-03,35.0,36.0,45.0,42.0
2022-01-04,48.0,36.0,52.0,47.0
2022-01-05,,20.0,24.0,31.0
2022-01-06,,20.0,21.0,20.0
2022-01-07,,24.0,33.0,28.0
2022-01-08,,44.0,54.0,53.0
2022-01-09,,50.0,57.0,61.0
2022-01-10,,66.0,70.0,83.0
2022-01-11,59.0,58.0,70.0,100.0
2022-01-12,52.0,52.0,62.0,64.0
2022-01-13,65.0,68.0,73.0,106.0
2022-01-14,55.0,47.0,65.0,77.0
2022-01-15,62.0,64.0,89.0,79.0
2022-01-16,57.0,54.0,69.0,68.0
2022-01-17,46.0,45.0,52.0,83.0
2022-01-18,69.0,70.0,80.0,80.0
2022-01-19,78.0,77.0,82.0,83.0
2022-01-20,75.0,70.0,76.0,88.0
2022-01-21,61.0,66.0,72.0,71.0
2022-01-22,58.0,56.0,66.0,64.0
2022-01-23,65.0,66.0,72.0,79.0
2022-01-24,77.0,78.0,90.0,89.0
2022-01-25,59.0,60.0,63.0,73.0
2022-01-26,66.0,60.0,67.0,78.0
2022-01-27,50.0,49.0,57.0,61.0
2022-01-28,45.0,47.0,47.0,72.0
2022-01-29,56.0,59.0,66.0,75.0
2022-01-30,37.0,35.0,42.0,49.0
2022-01-31,42.0,56.0,59.0,73.0
2022-02-01,12.0,15.0,13.0,23.0
2022-02-02,19.0,22.0,15.0,44.0
2022-02-03,32.0,37.0,43.0,46.0
2022-02-04,43.0,42.0,48.0,60.0
2022-02-05,67.0,70.0,83.0,65.0
2022-02-06,86.0,87.0,96.0,
2022-02-07,41.0,59.0,42.0,66.0
2022-02-08,37.0,40.0,39.0,56.0
2022-02-09,43.0,39.0,53.0,53.0
2022-02-10,49.0,44.0,58.0,69.0
2022-02-11,46.0,40.0,57.0,57.0
2022-02-12,32.0,32.0,40.0,35.0
2022-02-13,29.0,24.0,34.0,30.0
2022-02-14,41.0,39.0,51.0,55.0
2022-02-15,42.0,39.0,44.0,47.0
2022-02-16,54.0,58.0,59.0,80.0
2022-02-17,34.0,34.0,38.0,50.0
2022-02-18,56.0,56.0,61.0,76.0
2022-02-19,65.0,67.0,71.0,
2022-02-20,49.0,47.0,52.0,55.0
2022-02-21,29.0,27.0,29.0,36.0
2022-02-22,11.0,13.0,7.0,24.0
2022-02-23,32.0,31.0,37.0,42.0
2022-02-24,43.0,36.0,51.0,50.0
2022-02-25,36.0,30.0,39.0,46.0
2022-02-26,11.0,11.0,14.0,20.0
2022-02-27,15.0,14.0,18.0,21.0
2022-02-28,36.0,32.0,36.0,42.0
2022-03-01,22.0,21.0,23.0,31.0
2022-03-02,42.0,35.0,43.0,49.0
2022-03-03,31.0,28.0,36.0,44.0
2022-03-04,54.0,49.0,54.0,59.0
2022-03-05,30.0,29.0,34.0,36.0
2022-03-06,27.0,25.0,28.0,29.0
2022-03-07,41.0,34.0,42.0,47.0
2022-03-08,35.0,33.0,39.0,41.0
2022-03-09,59.0,47.0,57.0,64.0
2022-03-10,66.0,53.0,74.0,80.0
2022-03-11,39.0,38.0,46.0,48.0
2022-03-12,28.0,25.0,31.0,36.0
2022-03-13,25.0,23.0,30.0,31.0
2022-03-14,36.0,35.0,36.0,49.0
2022-03-15,68.0,60.0,66.0,82.0
2022-03-16,39.0,34.0,41.0,48.0
2022-03-17,65.0,97.0,68.0,79.0
2022-03-18,54.0,49.0,61.0,61.0
2022-03-19,32.0,28.0,35.0,37.0
2022-03-20,31.0,27.0,34.0,36.0
2022-03-21,38.0,31.0,38.0,41.0
2022-03-22,48.0,39.0,53.0,57.0
2022-03-23,59.0,46.0,57.0,67.0
2022-03-24,50.0,44.0,58.0,73.0
2022-03-25,38.0,33.0,40.0,53.0
2022-03-26,46.0,39.0,50.0,56.0
2022-03-27,56.0,49.0,61.0,71.0
2022-03-28,54.0,46.0,57.0,68.0
2022-03-29,53.0,45.0,57.0,68.0
2022-03-30,46.0,42.0,53.0,62.0
2022-03-31,30.0,25.0,34.0,47.0
2022-04-01,17.0,16.0,16.0,24.0
2022-04-02,14.0,12.0,13.0,18.0
2022-04-03,16.0,18.0,16.0,18.0
2022-04-04,,19.0,22.0,27.0
2022-04-05,,30.0,34.0,44.0
2022-04-06,46.0,38.0,46.0,53.0
2022-04-07,,17.0,20.0,31.0
2022-04-08,,21.0,27.0,37.0
2022-04-09,32.0,17.0,23.0,
2022-04-10,8.0,9.0,10.0,28.0
2022-04-11,16.0,13.0,21.0,
2022-04-12,24.0,19.0,25.0,26.0
2022-04-13,34.0,31.0,41.0,42.0
2022-04-14,38.0,39.0,49.0,51.0
2022-04-15,44.0,44.0,53.0,54.0
2022-04-16,24.0,29.0,38.0,34.0
2022-04-17,14.0,17.0,19.0,15.0
2022-04-18,17.0,17.0,24.0,17.0
2022-04-19,23.0,24.0,28.0,31.0
2022-04-20,23.0,25.0,32.0,33.0
2022-04-21,18.0,23.0,28.0,28.0
2022-04-22,21.0,23.0,26.0,34.0
2022-04-23,23.0,24.0,33.0,40.0
2022-04-24,6.0,9.0,13.0,15.0
2022-04-25,9.0,12.0,15.0,18.0
2022-04-26,15.0,17.0,20.0,33.0
2022-04-27,18.0,22.0,28.0,
2022-04-28,15.0,19.0,25.0,26.0
2022-04-29,21.0,22.0,29.0,22.0
2022-04-30,21.0,20.0,26.0,
2022-05-01,12.0,12.0,19.0,
2022-05-02,17.0,20.0,24.0,
2022-05-03,20.0,20.0,19.0,24.0
2022-05-04,21.0,23.0,25.0,28.0
2022-05-05,24.0,26.0,32.0,32.0
2022-05-06,12.0,12.0,15.0,15.0
2022-05-07,19.0,19.0,24.0,29.0
2022-05-08,10.0,12.0,15.0,19.0
2022-05-09,23.0,32.0,32.0,32.0
2022-05-10,25.0,29.0,33.0,35.0
2022-05-11,25.0,27.0,30.0,27.0
2022-05-12,22.0,24.0,24.0,26.0
2022-05-13,22.0,24.0,26.0,29.0
2022-05-14,21.0,23.0,25.0,27.0
2022-05-15,25.0,25.0,29.0,29.0
2022-05-16,21.0,23.0,26.0,24.0
2022-05-17,25.0,23.0,28.0,32.0
2022-05-18,26.0,27.0,41.0,
2022-05-19,22.0,31.0,29.0,
2022-05-20,30.0,26.0,32.0,35.0
2022-05-21,25.0,29.0,30.0,31.0
2022-05-22,21.0,26.0,26.0,27.0
2022-05-23,21.0,23.0,25.0,25.0
2022-05-24,29.0,31.0,32.0,31.0
2022-05-25,19.0,25.0,21.0,27.0
2022-05-26,29.0,36.0,33.0,40.0
2022-05-27,34.0,35.0,42.0,40.0
2022-05-28,34.0,35.0,47.0,43.0
2022-05-29,11.0,11.0,18.0,13.0
2022-05-30,15.0,16.0,19.0,15.0
2022-05-31,29.0,30.0,33.0,32.0
2022-06-01,29.0,31.0,32.0,34.0
2022-06-02,24.0,26.0,27.0,27.0
2022-06-03,29.0,34.0,41.0,36.0
2022-06-04,22.0,21.0,22.0,26.0
2022-06-05,29.0,32.0,36.0,35.0
2022-06-06,21.0,,32.0,24.0
2022-06-07,13.0,,22.0,20.0
2022-06-08,14.0,,19.0,15.0
2022-06-09,13.0,,14.0,10.0
2022-06-10,15.0,,11.0,12.0
2022-06-11,17.0,,22.0,19.0
2022-06-12,18.0,,22.0,22.0
2022-06-13,29.0,,28.0,30.0
2022-06-14,,24.0,31.0,31.0
2022-06-15,,27.0,32.0,34.0
2022-06-16,,31.0,38.0,39.0
2022-06-17,,32.0,36.0,41.0
2022-06-18,,24.0,31.0,28.0
2022-06-19,24.0,21.0,29.0,27.0
2022-06-20,34.0,23.0,32.0,29.0
2022-06-21,31.0,22.0,26.0,28.0
2022-06-22,29.0,30.0,34.0,36.0
2022-06-23,36.0,35.0,37.0,44.0
2022-06-24,23.0,22.0,33.0,28.0
2022-06-25,14.0,14.0,15.0,18.0
2022-06-26,20.0,19.0,22.0,23.0
2022-06-27,38.0,31.0,40.0,39.0
2022-06-28,,37.0,45.0,44.0
2022-06-29,,18.0,20.0,26.0
2022-06-30,,18.0,22.0,30.0
2022-07-01,,20.0,25.0,27.0
2022-07-02,22.0,20.0,24.0,26.0
2022-07-03,26.0,20.0,27.0,29.0
2022-07-04,28.0,23.0,,31.0
2022-07-05,16.0,16.0,,23.0
2022-07-06,15.0,18.0,,21.0
2022-07-07,21.0,17.0,,23.0
2022-07-08,18.0,17.0,,23.0
2022-07-09,13.0,12.0,,20.0
2022-07-10,16.0,11.0,,18.0
2022-07-11,17.0,18.0,,24.0
2022-07-12,18.0,19.0,,24.0
2022-07-13,19.0,18.0,24.0,24.0
2022-07-14,29.0,23.0,31.0,36.0
2022-07-15,29.0,24.0,27.0,31.0
2022-07-16,22.0,22.0,24.0,26.0
2022-07-17,24.0,22.0,27.0,28.0
2022-07-18,27.0,21.0,31.0,33.0
2022-07-19,25.0,21.0,28.0,
2022-07-20,26.0,21.0,27.0,
2022-07-21,31.0,25.0,32.0,
2022-07-22,33.0,25.0,35.0,32.0
2022-07-23,27.0,26.0,30.0,31.0
2022-07-24,26.0,23.0,25.0,29.0
2022-07-25,34.0,26.0,40.0,35.0
2022-07-26,21.0,19.0,25.0,33.0
2022-07-27,12.0,12.0,15.0,
2022-07-28,17.0,17.0,23.0,21.0
2022-07-29,16.0,14.0,18.0,
2022-07-30,13.0,12.0,13.0,
2022-07-31,13.0,12.0,15.0,
2022-08-01,16.0,13.0,19.0,
2022-08-02,18.0,26.0,22.0,
2022-08-03,21.0,16.0,,
2022-08-04,22.0,18.0,,
2022-08-05,24.0,21.0,,
2022-08-06,18.0,17.0,25.0,23.0
2022-08-07,10.0,10.0,12.0,11.0
2022-08-08,14.0,14.0,15.0,13.0
2022-08-09,21.0,19.0,22.0,41.0
2022-08-10,21.0,18.0,24.0,20.0
2022-08-11,20.0,17.0,23.0,21.0
2022-08-12,18.0,17.0,23.0,22.0
2022-08-13,10.0,8.0,12.0,12.0
2022-08-14,14.0,12.0,16.0,
2022-08-15,13.0,11.0,15.0,
2022-08-16,16.0,16.0,18.0,
2022-08-17,23.0,21.0,28.0,28.0
2022-08-18,15.0,12.0,21.0,24.0
2022-08-19,9.0,10.0,11.0,6.0
2022-08-20,12.0,11.0,13.0,9.0
2022-08-21,12.0,9.0,11.0,8.0
2022-08-22,14.0,11.0,14.0,14.0
2022-08-23,,15.0,19.0,18.0
2022-08-24,,14.0,18.0,16.0
2022-08-25,,18.0,21.0,20.0
2022-08-26,22.0,19.0,24.0,23.0
2022-08-27,15.0,14.0,17.0,13.0
2022-08-28,15.0,14.0,14.0,14.0
2022-08-29,16.0,18.0,19.0,14.0
2022-08-30,25.0,24.0,30.0,
2022-08-31,16.0,15.0,18.0,13.0
2022-09-01,15.0,11.0,17.0,18.0
2022-09-02,18.0,16.0,20.0,21.0
2022-09-03,17.0,17.0,23.0,20.0
2022-09-04,21.0,19.0,23.0,22.0
2022-09-05,25.0,21.0,26.0,27.0
2022-09-06,25.0,23.0,27.0,29.0
2022-09-07,27.0,28.0,33.0,35.0
2022-09-08,20.0,17.0,24.0,26.0
2022-09-09,16.0,14.0,23.0,19.0
2022-09-10,18.0,12.0,14.0,12.0
2022-09-11,15.0,14.0,15.0,16.0
2022-09-12,21.0,17.0,22.0,22.0
2022-09-13,27.0,22.0,26.0,30.0
2022-09-14,22.0,19.0,22.0,24.0
2022-09-15,26.0,20.0,25.0,27.0
2022-09-16,33.0,21.0,24.0,28.0
2022-09-17,17.0,12.0,14.0,15.0
2022-09-18,11.0,8.0,9.0,11.0
2022-09-19,20.0,11.0,11.0,14.0
2022-09-20,18.0,17.0,19.0,20.0
2022-09-21,15.0,15.0,20.0,19.0
2022-09-22,17.0,20.0,19.0,23.0
2022-09-23,24.0,25.0,23.0,29.0
2022-09-24,24.0,27.0,33.0,29.0
2022-09-25,16.0,17.0,23.0,25.0
2022-09-26,20.0,16.0,18.0,17.0
2022-09-27,15.0,15.0,19.0,22.0
2022-09-28,18.0,19.0,28.0,28.0
2022-09-29,21.0,22.0,29.0,28.0
2022-09-30,10.0,12.0,12.0,12.0
2022-10-01,13.0,14.0,15.0,17.0
2022-10-02,15.0,15.0,18.0,21.0
2022-10-03,24.0,26.0,31.0,30.0
2022-10-04,37.0,39.0,49.0,38.0
2022-10-05,42.0,41.0,52.0,46.0
2022-10-06,61.0,58.0,75.0,62.0
2022-10-07,50.0,49.0,56.0,53.0
2022-10-08,47.0,45.0,50.0,48.0
2022-10-09,35.0,31.0,40.0,39.0
2022-10-10,26.0,23.0,30.0,31.0
2022-10-11,32.0,28.0,35.0,37.0
2022-10-12,38.0,33.0,45.0,39.0
2022-10-13,59.0,51.0,67.0,61.0
2022-10-14,74.0,66.0,89.0,71.0
2022-10-15,86.0,64.0,74.0,72.0
2022-10-16,66.0,59.0,78.0,73.0
2022-10-17,66.0,60.0,80.0,71.0
2022-10-18,57.0,52.0,60.0,59.0
2022-10-19,58.0,52.0,60.0,62.0
2022-10-20,57.0,52.0,65.0,55.0
2022-10-21,40.0,40.0,54.0,42.0
2022-10-22,36.0,34.0,41.0,36.0
2022-10-23,23.0,21.0,29.0,26.0
2022-10-24,39.0,33.0,43.0,45.0
2022-10-25,39.0,40.0,44.0,38.0
2022-10-26,47.0,43.0,49.0,50.0
2022-10-27,55.0,54.0,61.0,60.0
2022-10-28,56.0,54.0,51.0,65.0
2022-10-29,50.0,44.0,45.0,47.0
2022-10-30,42.0,50.0,41.0,44.0
2022-10-31,48.0,59.0,52.0,45.0
2022-11-01,32.0,29.0,35.0,33.0
2022-11-02,35.0,33.0,37.0,44.0
2022-11-03,28.0,27.0,42.0,42.0
2022-11-04,12.0,11.0,11.0,11.0
2022-11-05,24.0,22.0,23.0,24.0
2022-11-06,28.0,33.0,31.0,
2022-11-07,39.0,35.0,45.0,
2022-11-08,42.0,35.0,44.0,50.0
2022-11-09,37.0,39.0,45.0,42.0
2022-11-10,40.0,36.0,45.0,39.0
2022-11-11,42.0,38.0,47.0,48.0
2022-11-12,40.0,40.0,39.0,40.0
2022-11-13,26.0,33.0,33.0,25.0
2022-11-14,25.0,22.0,29.0,26.0
2022-11-15,23.0,22.0,30.0,24.0
2022-11-16,16.0,15.0,18.0,22.0
2022-11-17,40.0,36.0,42.0,45.0
2022-11-18,32.0,30.0,34.0,33.0
2022-11-19,35.0,33.0,36.0,39.0
2022-11-20,31.0,25.0,33.0,25.0
2022-11-21,45.0,38.0,49.0,50.0
2022-11-22,18.0,16.0,20.0,19.0
2022-11-23,31.0,32.0,39.0,36.0
2022-11-24,35.0,35.0,42.0,45.0
2022-11-25,49.0,45.0,55.0,54.0
2022-11-26,60.0,54.0,62.0,63.0
2022-11-27,36.0,31.0,37.0,32.0
2022-11-28,36.0,32.0,41.0,40.0
2022-11-29,38.0,32.0,43.0,41.0
2022-11-30,53.0,48.0,59.0,61.0
2022-12-01,51.0,48.0,60.0,63.0
2022-12-02,32.0,31.0,41.0,37.0
2022-12-03,25.0,19.0,28.0,26.0
2022-12-04,11.0,10.0,12.0,14.0
2022-12-05,18.0,15.0,19.0,17.0
2022-12-06,27.0,33.0,38.0,39.0
2022-12-07,,43.0,60.0,60.0
2022-12-08,,38.0,45.0,53.0
2022-12-09,,19.0,30.0,29.0
2022-12-10,,24.0,26.0,30.0
2022-12-11,,17.0,22.0,22.0
2022-12-12,25.0,24.0,33.0,34.0
2022-12-13,36.0,32.0,40.0,46.0
2022-12-14,49.0,40.0,52.0,55.0
2022-12-15,44.0,30.0,59.0,54.0
2022-12-16,,23.0,26.0,34.0
2022-12-17,25.0,25.0,27.0,35.0
2022-12-18,37.0,35.0,34.0,46.0
2022-12-19,47.0,42.0,45.0,54.0
2022-12-20,46.0,43.0,45.0,56.0
2022-12-21,38.0,35.0,38.0,48.0
2022-12-22,46.0,42.0,48.0,57.0
2022-12-23,65.0,61.0,72.0,78.0
2022-12-24,69.0,63.0,82.0,72.0
2022-12-25,63.0,54.0,66.0,54.0
2022-12-26,47.0,42.0,52.0,51.0
2022-12-27,46.0,38.0,47.0,52.0
2022-12-28,52.0,44.0,58.0,57.0
2022-12-29,56.0,47.0,66.0,56.0
2022-12-30,36.0,30.0,38.0,40.0
2022-12-31,46.0,42.0,49.0,50.0
2023-01-01,57.0,47.0,66.0,58.0
2023-01-02,25.0,18.0,29.0,29.0
2023-01-03,17.0,11.0,19.0,17.0
2023-01-04,27.0,19.0,28.0,33.0
2023-01-05,29.0,20.0,35.0,34.0
2023-01-06,37.0,29.0,42.0,43.0
2023-01-07,29.0,23.0,30.0,34.0
2023-01-08,22.0,15.0,27.0,25.0
2023-01-09,12.0,11.0,12.0,18.0
2023-01-10,13.0,14.0,9.0,16.0
2023-01-11,44.0,37.0,44.0,51.0
2023-01-12,56.0,49.0,57.0,71.0
2023-01-13,66.0,54.0,62.0,76.0
2023-01-14,51.0,38.0,50.0,56.0
2023-01-15,56.0,42.0,57.0,57.0
2023-01-16,41.0,37.0,45.0,52.0
2023-01-17,24.0,20.0,31.0,34.0
2023-01-18,33.0,30.0,32.0,41.0
2023-01-19,17.0,14.0,20.0,22.0
2023-01-20,30.0,27.0,32.0,40.0
2023-01-21,21.0,16.0,29.0,27.0
2023-01-22,27.0,22.0,30.0,32.0
2023-01-23,47.0,35.0,46.0,54.0
2023-01-24,23.0,19.0,33.0,
2023-01-25,33.0,23.0,40.0,
2023-01-26,35.0,28.0,44.0,
2023-01-27,28.0,23.0,43.0,33.0
2023-01-28,46.0,35.0,44.0,49.0
2023-01-29,40.0,33.0,41.0,44.0
2023-01-30,49.0,37.0,54.0,55.0
2023-01-31,71.0,60.0,69.0,80.0
2023-02-01,39.0,31.0,48.0,45.0
2023-02-02,27.0,26.0,27.0,37.0
2023-02-03,33.0,29.0,39.0,40.0
2023-02-04,34.0,26.0,27.0,41.0
2023-02-05,14.0,14.0,22.0,22.0
2023-02-06,18.0,17.0,21.0,26.0
2023-02-07,25.0,22.0,,31.0
2023-02-08,40.0,32.0,,47.0
2023-02-09,23.0,21.0,25.0,32.0
2023-02-10,59.0,41.0,52.0,58.0
2023-02-11,64.0,51.0,65.0,70.0
2023-02-12,59.0,48.0,59.0,65.0
2023-02-13,68.0,54.0,68.0,75.0
2023-02-14,79.0,63.0,76.0,85.0
2023-02-15,92.0,77.0,99.0,107.0
2023-02-16,52.0,36.0,64.0,65.0
2023-02-17,28.0,17.0,30.0,34.0
2023-02-18,20.0,20.0,26.0,27.0
2023-02-19,27.0,24.0,26.0,34.0
2023-02-20,80.0,70.0,81.0,88.0
2023-02-21,62.0,52.0,65.0,74.0
2023-02-22,77.0,65.0,75.0,82.0
2023-02-23,74.0,61.0,73.0,82.0
2023-02-24,69.0,52.0,68.0,70.0
2023-02-25,44.0,32.0,45.0,53.0
2023-02-26,18.0,15.0,21.0,18.0
2023-02-27,12.0,11.0,11.0,19.0
2023-02-28,26.0,22.0,23.0,30.0
2023-03-01,36.0,29.0,38.0,39.0
2023-03-02,30.0,29.0,29.0,38.0
2023-03-03,36.0,30.0,37.0,48.0
2023-03-04,48.0,39.0,51.0,54.0
2023-03-05,48.0,40.0,52.0,57.0
2023-03-06,31.0,22.0,29.0,38.0
2023-03-07,31.0,25.0,30.0,39.0
2023-03-08,33.0,28.0,31.0,41.0
2023-03-09,26.0,24.0,24.0,36.0
2023-03-10,31.0,27.0,32.0,39.0
2023-03-11,10.0,10.0,7.0,14.0
2023-03-12,22.0,20.0,22.0,29.0
2023-03-13,27.0,21.0,25.0,35.0
2023-03-14,24.0,19.0,24.0,29.0
2023-03-15,10.0,8.0,5.0,12.0
2023-03-16,18.0,18.0,18.0,22.0
2023-03-17,28.0,23.0,27.0,29.0
2023-03-18,42.0,36.0,42.0,43.0
2023-03-19,42.0,36.0,39.0,48.0
2023-03-20,49.0,41.0,48.0,51.0
2023-03-21,64.0,58.0,58.0,71.0
2023-03-22,53.0,47.0,48.0,56.0
2023-03-23,19.0,18.0,19.0,26.0
2023-03-24,15.0,13.0,15.0,22.0
2023-03-25,19.0,10.0,12.0,15.0
2023-03-26,20.0,18.0,20.0,23.0
2023-03-27,13.0,7.0,8.0,14.0
2023-03-28,10.0,12.0,8.0,14.0
2023-03-29,19.0,21.0,24.0,24.0
2023-03-30,20.0,20.0,23.0,29.0
2023-03-31,25.0,20.0,27.0,35.0
2023-04-01,13.0,12.0,15.0,16.0
2023-04-02,20.0,21.0,22.0,22.0
2023-04-03,24.0,22.0,28.0,23.0
2023-04-04,21.0,19.0,22.0,26.0
2023-04-05,25.0,22.0,24.0,26.0
2023-04-06,30.0,25.0,30.0,33.0
2023-04-07,31.0,25.0,42.0,32.0
2023-04-08,30.0,28.0,31.0,39.0
2023-04-09,18.0,16.0,22.0,24.0
2023-04-10,13.0,12.0,15.0,18.0
2023-04-11,23.0,20.0,25.0,25.0
2023-04-12,25.0,24.0,,31.0
2023-04-13,16.0,13.0,19.0,22.0
2023-04-14,10.0,8.0,10.0,11.0
2023-04-15,16.0,15.0,19.0,20.0
2023-04-16,11.0,10.0,17.0,15.0
2023-04-17,12.0,10.0,12.0,15.0
2023-04-18,22.0,19.0,22.0,25.0
2023-04-19,21.0,19.0,25.0,28.0
2023-04-20,12.0,12.0,15.0,16.0
2023-04-21,13.0,13.0,14.0,25.0
2023-04-22,21.0,20.0,22.0,26.0
2023-04-23,16.0,,20.0,18.0
2023-04-24,9.0,,10.0,12.0
2023-04-25,7.0,,10.0,9.0
2023-04-26,14.0,,14.0,17.0
2023-04-27,20.0,21.0,26.0,26.0
2023-04-28,16.0,20.0,26.0,24.0
2023-04-29,22.0,20.0,24.0,28.0
2023-04-30,21.0,22.0,28.0,29.0
2023-05-01,14.0,13.0,16.0,19.0
2023-05-02,10.0,11.0,14.0,19.0
2023-05-03,11.0,16.0,14.0,17.0
2023-05-04,16.0,19.0,20.0,20.0
2023-05-05,21.0,24.0,32.0,33.0
2023-05-06,21.0,23.0,25.0,23.0
2023-05-07,14.0,13.0,17.0,16.0
2023-05-08,12.0,15.0,19.0,18.0
2023-05-09,15.0,17.0,22.0,15.0
2023-05-10,10.0,10.0,14.0,14.0
2023-05-11,9.0,11.0,16.0,12.0
2023-05-12,7.0,9.0,13.0,4.0
2023-05-13,8.0,9.0,14.0,10.0
2023-05-14,7.0,5.0,12.0,7.0
2023-05-15,11.0,12.0,15.0,11.0
2023-05-16,15.0,15.0,20.0,19.0
2023-05-17,13.0,14.0,14.0,15.0
2023-05-18,12.0,15.0,16.0,18.0
2023-05-19,14.0,14.0,22.0,13.0
2023-05-20,12.0,11.0,12.0,12.0
2023-05-21,14.0,13.0,14.0,19.0
2023-05-22,20.0,21.0,22.0,24.0
2023-05-23,25.0,26.0,27.0,26.0
2023-05-24,22.0,26.0,26.0,26.0
2023-05-25,14.0,17.0,17.0,19.0
2023-05-26,23.0,22.0,25.0,24.0
2023-05-27,18.0,21.0,24.0,21.0
2023-05-28,20.0,18.0,22.0,22.0
2023-05-29,19.0,18.0,18.0,19.0
2023-05-30,22.0,23.0,28.0,25.0
2023-05-31,19.0,19.0,23.0,20.0
2023-06-01,24.0,25.0,27.0,28.0
2023-06-02,18.0,18.0,21.0,20.0
2023-06-03,12.0,13.0,14.0,12.0
2023-06-04,13.0,12.0,16.0,16.0
2023-06-05,10.0,11.0,15.0,12.0
2023-06-06,20.0,20.0,26.0,29.0
2023-06-07,16.0,13.0,18.0,17.0
2023-06-08,18.0,18.0,,22.0
2023-06-09,18.0,17.0,24.0,22.0
2023-06-10,15.0,16.0,20.0,20.0
2023-06-11,14.0,13.0,22.0,19.0
2023-06-12,13.0,12.0,15.0,18.0
2023-06-13,16.0,18.0,,23.0
2023-06-14,15.0,16.0,,22.0
2023-06-15,,19.0,,27.0
2023-06-16,21.0,20.0,26.0,26.0
2023-06-17,21.0,20.0,24.0,23.0
2023-06-18,20.0,18.0,24.0,23.0
2023-06-19,19.0,19.0,26.0,24.0
2023-06-20,19.0,20.0,18.0,25.0
2023-06-21,25.0,26.0,28.0,33.0
2023-06-22,40.0,34.0,44.0,46.0
2023-06-23,34.0,25.0,23.0,25.0
2023-06-24,18.0,15.0,18.0,20.0
2023-06-25,14.0,13.0,18.0,16.0
2023-06-26,25.0,24.0,27.0,32.0
2023-06-27,29.0,25.0,41.0,32.0
2023-06-28,19.0,29.0,25.0,35.0
2023-06-29,17.0,,21.0,25.0
2023-06-30,,,26.0,26.0
2023-07-01,,19.0,20.0,29.0
2023-07-02,16.0,17.0,19.0,21.0
2023-07-03,,17.0,17.0,22.0
2023-07-04,,16.0,19.0,20.0
2023-07-05,10.0,14.0,17.0,21.0
2023-07-06,13.0,14.0,16.0,19.0
2023-07-07,16.0,14.0,17.0,19.0
2023-07-08,18.0,16.0,21.0,19.0
2023-07-09,21.0,21.0,23.0,25.0
2023-07-10,27.0,26.0,33.0,36.0
2023-07-11,35.0,35.0,38.0,44.0
2023-07-12,30.0,34.0,35.0,41.0
2023-07-13,17.0,19.0,20.0,26.0
2023-07-14,15.0,17.0,21.0,23.0
2023-07-15,22.0,26.0,25.0,27.0
2023-07-16,24.0,24.0,26.0,28.0
2023-07-17,26.0,29.0,29.0,34.0
2023-07-18,27.0,40.0,34.0,39.0
2023-07-19,29.0,31.0,34.0,41.0
2023-07-20,24.0,26.0,30.0,32.0
2023-07-21,16.0,15.0,20.0,23.0
2023-07-22,15.0,17.0,20.0,18.0
2023-07-23,18.0,22.0,22.0,25.0
2023-07-24,18.0,16.0,25.0,33.0
2023-07-25,13.0,10.0,14.0,20.0
2023-07-26,5.0,10.0,5.0,
2023-07-27,12.0,12.0,13.0,
2023-07-28,20.0,17.0,23.0,23.0
2023-07-29,12.0,14.0,19.0,
2023-07-30,10.0,10.0,15.0,
2023-07-31,15.0,15.0,19.0,
2023-08-01,17.0,17.0,20.0,
2023-08-02,19.0,20.0,25.0,29.0
2023-08-03,18.0,17.0,20.0,23.0
2023-08-04,16.0,17.0,19.0,20.0
2023-08-05,10.0,9.0,13.0,9.0
2023-08-06,6.0,6.0,6.0,2.0
2023-08-07,6.0,7.0,4.0,9.0
2023-08-08,9.0,10.0,10.0,12.0
2023-08-09,14.0,13.0,16.0,17.0
2023-08-10,20.0,20.0,20.0,23.0
2023-08-11,18.0,20.0,23.0,28.0
2023-08-12,20.0,19.0,21.0,24.0
2023-08-13,19.0,17.0,20.0,22.0
2023-08-14,21.0,19.0,24.0,23.0
2023-08-15,20.0,20.0,22.0,25.0
2023-08-16,21.0,20.0,23.0,25.0
2023-08-17,16.0,15.0,16.0,19.0
2023-08-18,22.0,21.0,21.0,27.0
2023-08-19,28.0,,32.0,36.0
2023-08-20,24.0,,28.0,27.0
2023-08-21,26.0,32.0,25.0,30.0
2023-08-22,29.0,25.0,30.0,31.0
2023-08-23,29.0,27.0,30.0,38.0
2023-08-24,29.0,28.0,32.0,36.0
2023-08-25,26.0,22.0,39.0,31.0
2023-08-26,18.0,20.0,,21.0
2023-08-27,15.0,15.0,16.0,21.0
2023-08-28,8.0,7.0,8.0,14.0
2023-08-29,8.0,8.0,8.0,11.0
2023-08-30,11.0,12.0,12.0,16.0
2023-08-31,14.0,13.0,12.0,20.0
2023-09-01,14.0,14.0,15.0,19.0
2023-09-02,19.0,18.0,18.0,25.0
2023-09-03,21.0,19.0,20.0,22.0
2023-09-04,23.0,22.0,25.0,29.0
2023-09-05,19.0,18.0,17.0,21.0
2023-09-06,24.0,21.0,21.0,28.0
2023-09-07,26.0,22.0,25.0,31.0
2023-09-08,30.0,25.0,29.0,31.0
2023-09-09,33.0,28.0,38.0,37.0
2023-09-10,39.0,33.0,45.0,43.0
2023-09-11,39.0,33.0,49.0,
2023-09-12,32.0,26.0,38.0,
2023-09-13,22.0,22.0,27.0,
2023-09-14,22.0,20.0,25.0,
2023-09-15,13.0,14.0,17.0,
2023-09-16,19.0,21.0,29.0,23.0
2023-09-17,17.0,16.0,21.0,17.0
2023-09-18,28.0,29.0,45.0,
2023-09-19,19.0,16.0,21.0,29.0
2023-09-20,23.0,25.0,34.0,27.0
2023-09-21,20.0,18.0,27.0,19.0
2023-09-22,15.0,12.0,21.0,16.0
2023-09-23,10.0,9.0,12.0,8.0
2023-09-24,12.0,10.0,13.0,8.0
2023-09-25,15.0,12.0,19.0,15.0
2023-09-26,20.0,18.0,25.0,22.0
2023-09-27,31.0,26.0,31.0,36.0
2023-09-28,34.0,29.0,39.0,39.0
2023-09-29,38.0,36.0,58.0,46.0
2023-09-30,46.0,41.0,54.0,51.0
2023-10-01,43.0,38.0,54.0,49.0
2023-10-02,53.0,49.0,64.0,60.0
2023-10-03,51.0,49.0,63.0,55.0
2023-10-04,35.0,31.0,43.0,39.0
2023-10-05,30.0,25.0,36.0,28.0
2023-10-06,44.0,38.0,50.0,41.0
2023-10-07,48.0,39.0,48.0,48.0
2023-10-08,37.0,27.0,43.0,40.0
2023-10-09,42.0,29.0,45.0,42.0
2023-10-10,39.0,31.0,44.0,46.0
2023-10-11,64.0,52.0,68.0,63.0
2023-10-12,40.0,35.0,59.0,45.0
2023-10-13,24.0,19.0,26.0,26.0
2023-10-14,27.0,21.0,30.0,24.0
2023-10-15,21.0,16.0,22.0,22.0
2023-10-16,19.0,14.0,19.0,16.0
2023-10-17,30.0,22.0,32.0,29.0
2023-10-18,31.0,31.0,41.0,36.0
2023-10-19,26.0,20.0,31.0,24.0
2023-10-20,17.0,15.0,24.0,21.0
2023-10-21,20.0,23.0,29.0,22.0
2023-10-22,12.0,14.0,13.0,16.0
2023-10-23,20.0,22.0,26.0,20.0
2023-10-24,15.0,13.0,17.0,10.0
2023-10-25,27.0,27.0,30.0,33.0
2023-10-26,36.0,32.0,42.0,38.0
2023-10-27,22.0,19.0,25.0,20.0
2023-10-28,25.0,24.0,32.0,27.0
2023-10-29,13.0,13.0,21.0,14.0
2023-10-30,19.0,15.0,28.0,24.0
2023-10-31,14.0,11.0,12.0,13.0
2023-11-01,13.0,12.0,41.0,
2023-11-02,10.0,5.0,17.0,
2023-11-03,11.0,11.0,17.0,
2023-11-04,11.0,10.0,26.0,27.0
2023-11-05,8.0,8.0,6.0,12.0
2023-11-06,22.0,22.0,38.0,26.0
2023-11-07,28.0,25.0,36.0,
2023-11-08,25.0,21.0,31.0,25.0
2023-11-09,19.0,17.0,30.0,24.0
2023-11-10,16.0,13.0,17.0,21.0
2023-11-11,18.0,16.0,21.0,24.0
2023-11-12,23.0,21.0,29.0,30.0
2023-11-13,39.0,32.0,44.0,47.0
2023-11-14,51.0,43.0,56.0,54.0
2023-11-15,29.0,25.0,35.0,34.0
2023-11-16,34.0,28.0,44.0,39.0
2023-11-17,19.0,19.0,22.0,26.0
2023-11-18,19.0,19.0,19.0,29.0
2023-11-19,39.0,32.0,40.0,43.0
2023-11-20,54.0,40.0,64.0,59.0
2023-11-21,53.0,50.0,63.0,52.0
2023-11-22,34.0,27.0,38.0,34.0
2023-11-23,36.0,29.0,46.0,43.0
2023-11-24,40.0,28.0,42.0,45.0
2023-11-25,7.0,10.0,9.0,12.0
2023-11-26,12.0,12.0,14.0,19.0
2023-11-27,23.0,22.0,33.0,30.0
2023-11-28,26.0,24.0,30.0,35.0
2023-11-29,21.0,23.0,25.0,29.0
2023-11-30,22.0,17.0,26.0,28.0
2023-12-01,23.0,17.0,26.0,30.0
2023-12-02,10.0,10.0,13.0,13.0
2023-12-03,14.0,12.0,17.0,19.0
2023-12-04,23.0,18.0,31.0,27.0
2023-12-05,30.0,25.0,34.0,38.0
2023-12-06,51.0,40.0,49.0,55.0
2023-12-07,66.0,48.0,73.0,72.0
2023-12-08,27.0,22.0,39.0,33.0
2023-12-09,32.0,24.0,31.0,40.0
2023-12-10,26.0,22.0,28.0,33.0
2023-12-11,45.0,38.0,49.0,55.0
2023-12-12,57.0,42.0,60.0,61.0
2023-12-13,39.0,29.0,45.0,47.0
2023-12-14,46.0,37.0,44.0,53.0
2023-12-15,54.0,43.0,68.0,59.0
2023-12-16,31.0,25.0,42.0,34.0
2023-12-17,45.0,36.0,47.0,52.0
2023-12-18,57.0,42.0,57.0,70.0
2023-12-19,77.0,47.0,71.0,78.0
2023-12-20,82.0,57.0,88.0,84.0
2023-12-21,68.0,47.0,77.0,79.0
2023-12-22,29.0,18.0,21.0,32.0
2023-12-23,18.0,16.0,18.0,24.0
2023-12-24,19.0,15.0,18.0,19.0
2023-12-25,26.0,17.0,28.0,30.0
2023-12-26,48.0,31.0,52.0,51.0
2023-12-27,,36.0,55.0,58.0
2023-12-28,,33.0,53.0,53.0
2023-12-29,37.0,32.0,39.0,44.0
2023-12-30,42.0,35.0,41.0,47.0
2023-12-31,44.0,36.0,51.0,46.0
2024-01-01,33.0,30.0,47.0,35.0
2024-01-02,30.0,26.0,28.0,36.0
2024-01-03,33.0,28.0,32.0,40.0
2024-01-04,42.0,34.0,42.0,56.0
2024-01-05,26.0,23.0,31.0,29.0
2024-01-06,17.0,12.0,17.0,23.0
2024-01-07,16.0,13.0,20.0,22.0
2024-01-08,17.0,15.0,19.0,23.0
2024-01-09,19.0,18.0,23.0,21.0
2024-01-10,20.0,19.0,24.0,24.0
2024-01-11,36.0,29.0,38.0,46.0
2024-01-12,55.0,45.0,62.0,60.0
2024-01-13,56.0,47.0,53.0,63.0
2024-01-14,49.0,39.0,47.0,54.0
2024-01-15,56.0,48.0,58.0,64.0
2024-01-16,63.0,57.0,63.0,71.0
2024-01-17,44.0,37.0,50.0,46.0
2024-01-18,46.0,41.0,45.0,56.0
2024-01-19,33.0,30.0,36.0,39.0
2024-01-20,18.0,19.0,18.0,27.0
2024-01-21,36.0,31.0,37.0,42.0
2024-01-22,45.0,37.0,50.0,54.0
2024-01-23,52.0,44.0,54.0,60.0
2024-01-24,70.0,55.0,71.0,82.0
2024-01-25,92.0,81.0,94.0,101.0
2024-01-26,102.0,89.0,112.0,113.0
2024-01-27,78.0,69.0,87.0,81.0
2024-01-28,59.0,57.0,67.0,63.0
2024-01-29,54.0,53.0,58.0,63.0
2024-01-30,61.0,57.0,64.0,74.0
2024-01-31,90.0,71.0,80.0,85.0
2024-02-01,89.0,69.0,86.0,90.0
2024-02-02,90.0,74.0,91.0,98.0
2024-02-03,66.0,57.0,74.0,73.0
2024-02-04,40.0,31.0,41.0,44.0
2024-02-05,36.0,32.0,35.0,41.0
2024-02-06,94.0,93.0,101.0,113.0
2024-02-07,55.0,48.0,64.0,64.0
2024-02-08,50.0,37.0,54.0,52.0
2024-02-09,36.0,30.0,35.0,35.0
2024-02-10,8.0,7.0,10.0,11.0
2024-02-11,9.0,10.0,10.0,14.0
2024-02-12,29.0,27.0,30.0,35.0
2024-02-13,43.0,37.0,41.0,51.0
2024-02-14,42.0,33.0,48.0,49.0
2024-02-15,67.0,60.0,71.0,78.0
2024-02-16,102.0,84.0,102.0,107.0
2024-02-17,113.0,94.0,101.0,113.0
2024-02-18,102.0,110.0,119.0,136.0
2024-02-19,111.0,99.0,109.0,122.0
2024-02-20,93.0,85.0,96.0,107.0
2024-02-21,65.0,58.0,62.0,74.0
2024-02-22,52.0,40.0,60.0,54.0
2024-02-23,13.0,11.0,12.0,18.0
2024-02-24,20.0,18.0,25.0,25.0
2024-02-25,14.0,12.0,13.0,23.0
2024-02-26,8.0,7.0,9.0,12.0
2024-02-27,10.0,10.0,9.0,
2024-02-28,16.0,15.0,16.0,
2024-02-29,31.0,25.0,30.0,
2024-03-01,18.0,16.0,18.0,18.0
2024-03-02,12.0,10.0,13.0,12.0
2024-03-03,11.0,9.0,13.0,13.0
2024-03-04,11.0,11.0,11.0,16.0
2024-03-05,19.0,16.0,22.0,22.0
2024-03-06,10.0,10.0,9.0,13.0
2024-03-07,27.0,21.0,26.0,31.0
2024-03-08,24.0,,29.0,25.0
2024-03-09,15.0,11.0,15.0,17.0
2024-03-10,8.0,6.0,9.0,10.0
2024-03-11,15.0,14.0,12.0,18.0
2024-03-12,19.0,16.0,15.0,24.0
2024-03-13,29.0,24.0,31.0,32.0
2024-03-14,46.0,31.0,38.0,43.0
2024-03-15,15.0,14.0,15.0,17.0
2024-03-16,21.0,18.0,21.0,26.0
2024-03-17,36.0,27.0,36.0,38.0
2024-03-18,19.0,17.0,19.0,24.0
2024-03-19,46.0,40.0,49.0,45.0
2024-03-20,37.0,31.0,36.0,39.0
2024-03-21,45.0,36.0,45.0,49.0
2024-03-22,62.0,52.0,65.0,61.0
2024-03-23,40.0,29.0,46.0,39.0
2024-03-24,5.0,3.0,2.0,8.0
2024-03-25,16.0,11.0,9.0,19.0
2024-03-26,18.0,15.0,22.0,22.0
2024-03-27,14.0,9.0,11.0,14.0
2024-03-28,13.0,13.0,9.0,12.0
2024-03-29,25.0,21.0,22.0,27.0
2024-03-30,59.0,54.0,53.0,61.0
2024-03-31,43.0,38.0,39.0,42.0
2024-04-01,20.0,17.0,19.0,17.0
2024-04-02,11.0,12.0,,15.0
2024-04-03,17.0,18.0,,21.0
2024-04-04,18.0,20.0,,23.0
2024-04-05,15.0,17.0,19.0,20.0
2024-04-06,18.0,18.0,21.0,21.0
2024-04-07,23.0,23.0,27.0,22.0
2024-04-08,37.0,36.0,47.0,42.0
2024-04-09,34.0,30.0,47.0,34.0
2024-04-10,7.0,9.0,7.0,8.0
2024-04-11,18.0,18.0,18.0,24.0
2024-04-12,31.0,29.0,32.0,35.0
2024-04-13,35.0,37.0,28.0,35.0
2024-04-14,34.0,36.0,38.0,41.0
2024-04-15,23.0,22.0,29.0,23.0
2024-04-16,25.0,19.0,24.0,23.0
2024-04-17,12.0,14.0,18.0,18.0
2024-04-18,14.0,16.0,18.0,19.0
2024-04-19,15.0,16.0,24.0,19.0
2024-04-20,12.0,11.0,10.0,13.0
2024-04-21,7.0,8.0,10.0,7.0
2024-04-22,3.0,5.0,6.0,6.0
2024-04-23,7.0,7.0,10.0,
2024-04-24,12.0,13.0,16.0,
2024-04-25,12.0,12.0,13.0,20.0
2024-04-26,13.0,15.0,19.0,15.0
2024-04-27,16.0,14.0,23.0,18.0
2024-04-28,17.0,19.0,21.0,21.0
2024-04-29,27.0,28.0,30.0,29.0
2024-04-30,28.0,28.0,34.0,35.0
2024-05-01,25.0,22.0,32.0,
2024-05-02,7.0,8.0,10.0,12.0
2024-05-03,8.0,9.0,8.0,14.0
2024-05-04,8.0,9.0,7.0,12.0
2024-05-05,10.0,10.0,11.0,13.0
2024-05-06,12.0,15.0,18.0,10.0
2024-05-07,14.0,15.0,18.0,15.0
2024-05-08,11.0,13.0,14.0,
2024-05-09,,13.0,11.0,19.0
2024-05-10,16.0,,21.0,20.0
2024-05-11,20.0,,23.0,23.0
2024-05-12,20.0,,28.0,
2024-05-13,,,15.0,14.0
2024-05-14,,27.0,44.0,29.0
2024-05-15,,9.0,8.0,10.0
2024-05-16,12.0,13.0,13.0,16.0
2024-05-17,12.0,15.0,13.0,12.0
2024-05-18,14.0,14.0,16.0,17.0
2024-05-19,15.0,15.0,18.0,17.0
2024-05-20,23.0,23.0,34.0,28.0
2024-05-21,9.0,11.0,7.0,17.0
2024-05-22,14.0,17.0,18.0,10.0
2024-05-23,13.0,13.0,12.0,13.0
2024-05-24,12.0,15.0,17.0,11.0
2024-05-25,10.0,9.0,8.0,13.0
2024-05-26,10.0,11.0,11.0,11.0
2024-05-27,16.0,16.0,18.0,20.0
2024-05-28,17.0,19.0,20.0,23.0
2024-05-29,17.0,18.0,25.0,12.0
2024-05-30,16.0,15.0,23.0,18.0
2024-05-31,7.0,8.0,7.0,10.0
2024-06-01,14.0,14.0,14.0,10.0
2024-06-02,13.0,13.0,20.0,14.0
2024-06-03,11.0,13.0,19.0,15.0
2024-06-04,14.0,13.0,15.0,14.0
2024-06-05,14.0,14.0,16.0,17.0
2024-06-06,16.0,16.0,16.0,18.0
2024-06-07,21.0,,20.0,16.0
2024-06-08,18.0,19.0,20.0,13.0
2024-06-09,26.0,26.0,36.0,16.0
2024-06-10,22.0,23.0,,14.0
2024-06-11,15.0,18.0,,13.0
2024-06-12,8.0,9.0,,11.0
2024-06-13,8.0,9.0,,8.0
2024-06-14,13.0,14.0,18.0,16.0
2024-06-15,17.0,17.0,,20.0
2024-06-16,13.0,15.0,17.0,11.0
2024-06-17,16.0,,21.0,16.0
2024-06-18,24.0,,33.0,26.0
2024-06-19,29.0,,33.0,23.0
2024-06-20,31.0,39.0,36.0,39.0
2024-06-21,42.0,47.0,55.0,45.0
2024-06-22,14.0,20.0,12.0,16.0
2024-06-23,6.0,8.0,10.0,5.0
2024-06-24,14.0,16.0,12.0,10.0
2024-06-25,13.0,16.0,7.0,15.0
2024-06-26,,20.0,11.0,21.0
2024-06-27,17.0,24.0,13.0,20.0
2024-06-28,18.0,21.0,12.0,7.0
2024-06-29,31.0,36.0,30.0,20.0
2024-06-30,24.0,30.0,16.0,27.0
2024-07-01,19.0,24.0,12.0,20.0
2024-07-02,16.0,22.0,16.0,20.0
2024-07-03,10.0,12.0,,10.0
2024-07-04,13.0,19.0,,23.0
2024-07-05,16.0,23.0,12.0,18.0
2024-07-06,18.0,21.0,15.0,17.0
2024-07-07,14.0,17.0,17.0,17.0
2024-07-08,18.0,21.0,,20.0
2024-07-09,24.0,31.0,,30.0
2024-07-10,,33.0,32.0,28.0
2024-07-11,,29.0,32.0,14.0
2024-07-12,,23.0,27.0,18.0
2024-07-13,,21.0,17.0,10.0
2024-07-14,,18.0,17.0,
2024-07-15,,23.0,24.0,
2024-07-16,,25.0,26.0,
2024-07-17,22.0,27.0,27.0,
2024-07-18,27.0,35.0,37.0,16.0
2024-07-19,26.0,35.0,43.0,33.0
2024-07-20,16.0,16.0,17.0,15.0
2024-07-21,13.0,18.0,21.0,18.0
2024-07-22,20.0,26.0,22.0,22.0
2024-07-23,20.0,26.0,26.0,23.0
2024-07-24,23.0,30.0,31.0,20.0
2024-07-25,18.0,22.0,23.0,24.0
2024-07-26,18.0,25.0,26.0,21.0
2024-07-27,21.0,30.0,29.0,29.0
2024-07-28,22.0,25.0,28.0,25.0
2024-07-29,19.0,25.0,26.0,23.0
2024-07-30,21.0,28.0,29.0,21.0
2024-07-31,25.0,34.0,32.0,29.0
2024-08-01,26.0,31.0,32.0,31.0
2024-08-02,20.0,24.0,26.0,25.0
2024-08-03,22.0,29.0,32.0,30.0
2024-08-04,15.0,20.0,19.0,18.0
2024-08-05,17.0,21.0,23.0,22.0
2024-08-06,22.0,26.0,29.0,31.0
2024-08-07,24.0,24.0,31.0,23.0
2024-08-08,16.0,19.0,18.0,18.0
2024-08-09,20.0,24.0,30.0,27.0
2024-08-10,22.0,27.0,28.0,23.0
2024-08-11,24.0,28.0,29.0,26.0
2024-08-12,24.0,28.0,30.0,27.0
2024-08-13,22.0,26.0,27.0,27.0
2024-08-14,19.0,23.0,23.0,23.0
2024-08-15,16.0,22.0,21.0,18.0
2024-08-16,20.0,24.0,23.0,25.0
2024-08-17,20.0,23.0,25.0,23.0
2024-08-18,12.0,15.0,19.0,14.0
2024-08-19,16.0,17.0,16.0,18.0
2024-08-20,16.0,20.0,17.0,19.0
2024-08-21,22.0,24.0,22.0,23.0
2024-08-22,22.0,28.0,29.0,29.0
2024-08-23,21.0,28.0,28.0,31.0
2024-08-24,19.0,25.0,24.0,
2024-08-25,17.0,21.0,21.0,20.0
2024-08-26,20.0,21.0,18.0,21.0
2024-08-27,21.0,25.0,23.0,23.0
2024-08-28,26.0,30.0,29.0,28.0
2024-08-29,31.0,34.0,33.0,36.0
2024-08-30,31.0,36.0,35.0,36.0
2024-08-31,33.0,39.0,37.0,43.0
2024-09-01,28.0,33.0,31.0,34.0
2024-09-02,20.0,26.0,27.0,25.0
2024-09-03,21.0,23.0,24.0,
2024-09-04,19.0,23.0,24.0,
2024-09-05,10.0,13.0,17.0,
2024-09-06,14.0,17.0,20.0,
2024-09-07,15.0,,21.0,
2024-09-08,19.0,27.0,30.0,
2024-09-09,9.0,11.0,9.0,
2024-09-10,14.0,16.0,15.0,18.0
2024-09-11,18.0,21.0,23.0,19.0
2024-09-12,7.0,11.0,10.0,11.0
2024-09-13,8.0,13.0,7.0,10.0
2024-09-14,7.0,9.0,7.0,10.0
2024-09-15,12.0,15.0,17.0,16.0
2024-09-16,14.0,17.0,18.0,15.0
2024-09-17,10.0,15.0,16.0,13.0
2024-09-18,12.0,17.0,17.0,16.0
2024-09-19,16.0,20.0,17.0,22.0
2024-09-20,23.0,27.0,27.0,26.0
2024-09-21,26.0,28.0,31.0,28.0
2024-09-22,25.0,29.0,34.0,26.0
2024-09-23,27.0,30.0,42.0,29.0
2024-09-24,19.0,20.0,24.0,22.0
2024-09-25,16.0,18.0,19.0,18.0
2024-09-26,16.0,22.0,24.0,18.0
2024-09-27,16.0,14.0,21.0,28.0
2024-09-28,9.0,,11.0,13.0
2024-09-29,7.0,,12.0,10.0
2024-09-30,12.0,,17.0,14.0
2024-10-01,24.0,,37.0,26.0
2024-10-02,16.0,,24.0,19.0
2024-10-03,9.0,,17.0,12.0
2024-10-04,8.0,,9.0,12.0
2024-10-05,12.0,,17.0,14.0
2024-10-06,16.0,,26.0,17.0
2024-10-07,24.0,,34.0,25.0
2024-10-08,11.0,,20.0,15.0
2024-10-09,17.0,,28.0,20.0
2024-10-10,11.0,,12.0,12.0
2024-10-11,17.0,,25.0,20.0
2024-10-12,17.0,,26.0,16.0
2024-10-13,19.0,,24.0,22.0
2024-10-14,29.0,,36.0,25.0
2024-10-15,34.0,,43.0,25.0
2024-10-16,23.0,39.0,44.0,
2024-10-17,10.0,14.0,17.0,5.0
2024-10-18,10.0,9.0,14.0,12.0
2024-10-19,15.0,9.0,23.0,17.0
2024-10-20,18.0,9.0,19.0,11.0
2024-10-21,27.0,,37.0,18.0
2024-10-22,40.0,,60.0,44.0
2024-10-23,35.0,40.0,67.0,23.0
2024-10-24,14.0,,20.0,
2024-10-25,21.0,24.0,38.0,
2024-10-26,12.0,11.0,19.0,7.0
2024-10-27,25.0,20.0,35.0,22.0
2024-10-28,32.0,29.0,38.0,20.0
2024-10-29,33.0,30.0,43.0,
2024-10-30,38.0,35.0,49.0,39.0
2024-10-31,51.0,46.0,62.0,47.0
2024-11-01,42.0,42.0,53.0,41.0
2024-11-02,37.0,35.0,44.0,37.0
2024-11-03,30.0,30.0,41.0,30.0
2024-11-04,43.0,41.0,49.0,42.0
2024-11-05,37.0,36.0,43.0,41.0
2024-11-06,41.0,39.0,45.0,39.0
2024-11-07,43.0,50.0,77.0,53.0
2024-11-08,45.0,50.0,69.0,45.0
2024-11-09,56.0,,67.0,54.0
2024-11-10,46.0,,69.0,50.0
2024-11-11,48.0,,59.0,
2024-11-12,36.0,36.0,50.0,
2024-11-13,50.0,51.0,64.0,49.0
2024-11-14,42.0,39.0,57.0,34.0
2024-11-15,69.0,75.0,94.0,67.0
2024-11-16,73.0,88.0,92.0,76.0
2024-11-17,53.0,60.0,61.0,44.0
2024-11-18,79.0,83.0,90.0,71.0
2024-11-19,72.0,81.0,97.0,75.0
2024-11-20,31.0,40.0,45.0,36.0
2024-11-21,15.0,18.0,22.0,16.0
2024-11-22,11.0,10.0,9.0,14.0
2024-11-23,16.0,15.0,19.0,23.0
2024-11-24,22.0,24.0,28.0,23.0
2024-11-25,29.0,29.0,32.0,30.0
2024-11-26,27.0,26.0,,27.0
2024-11-27,43.0,42.0,,45.0
2024-11-28,43.0,46.0,49.0,47.0
2024-11-29,50.0,50.0,62.0,51.0
2024-11-30,43.0,51.0,58.0,49.0
2024-12-01,42.0,41.0,48.0,38.0
2024-12-02,55.0,54.0,70.0,54.0
2024-12-03,59.0,63.0,77.0,61.0
2024-12-04,50.0,54.0,65.0,46.0
2024-12-05,42.0,42.0,59.0,37.0
2024-12-06,54.0,53.0,67.0,56.0
2024-12-07,56.0,61.0,68.0,54.0
2024-12-08,34.0,36.0,42.0,30.0
2024-12-09,22.0,19.0,27.0,21.0
2024-12-10,41.0,40.0,50.0,42.0
2024-12-11,38.0,34.0,49.0,37.0
2024-12-12,45.0,47.0,64.0,46.0
2024-12-13,54.0,56.0,60.0,55.0
2024-12-14,50.0,54.0,58.0,50.0
2024-12-15,39.0,43.0,48.0,41.0
2024-12-16,66.0,61.0,82.0,56.0
2024-12-17,64.0,64.0,70.0,
2024-12-18,53.0,53.0,61.0,53.0
2024-12-19,31.0,37.0,46.0,30.0
2024-12-20,8.0,10.0,8.0,12.0
2024-12-21,24.0,25.0,32.0,25.0
2024-12-22,39.0,44.0,51.0,40.0
2024-12-23,6.0,14.0,13.0,12.0
2024-12-24,9.0,8.0,10.0,12.0
2024-12-25,38.0,43.0,58.0,42.0
2024-12-26,50.0,50.0,59.0,54.0
2024-12-27,52.0,57.0,57.0,53.0
2024-12-28,46.0,53.0,60.0,45.0
2024-12-29,60.0,68.0,69.0,59.0
2024-12-30,69.0,82.0,86.0,75.0
2024-12-31,77.0,86.0,86.0,76.0
2025-01-01,250.0,143.0,195.0,169.0
2025-01-02,116.0,123.0,135.0,116.0
2025-01-03,56.0,58.0,68.0,55.0
2025-01-04,41.0,44.0,53.0,39.0
2025-01-05,43.0,50.0,52.0,45.0
2025-01-06,40.0,40.0,44.0,35.0
2025-01-07,24.0,28.0,30.0,28.0
2025-01-08,36.0,36.0,39.0,34.0
2025-01-09,17.0,16.0,20.0,18.0
2025-01-10,23.0,26.0,28.0,28.0
2025-01-11,24.0,23.0,37.0,24.0
2025-01-12,30.0,27.0,39.0,29.0
2025-01-13,37.0,45.0,50.0,39.0
2025-01-14,36.0,36.0,49.0,41.0
2025-01-15,58.0,64.0,71.0,59.0
2025-01-16,48.0,52.0,74.0,48.0
2025-01-17,38.0,36.0,56.0,40.0
2025-01-18,52.0,58.0,60.0,53.0
2025-01-19,32.0,36.0,45.0,33.0
2025-01-20,19.0,21.0,23.0,18.0
2025-01-21,26.0,28.0,28.0,29.0
2025-01-22,26.0,26.0,35.0,27.0
2025-01-23,20.0,19.0,24.0,21.0
2025-01-24,27.0,33.0,39.0,31.0
2025-01-25,26.0,26.0,35.0,26.0
2025-01-26,14.0,11.0,19.0,12.0
2025-01-27,12.0,12.0,15.0,18.0
2025-01-28,17.0,12.0,16.0,16.0
2025-01-29,29.0,28.0,40.0,29.0
2025-01-30,36.0,43.0,50.0,39.0
2025-01-31,36.0,36.0,46.0,38.0
2025-02-01,18.0,19.0,24.0,16.0
2025-02-02,23.0,20.0,28.0,21.0
2025-02-03,41.0,41.0,47.0,41.0
2025-02-04,40.0,45.0,56.0,42.0
2025-02-05,58.0,62.0,74.0,61.0
2025-02-06,51.0,64.0,81.0,58.0
2025-02-07,32.0,38.0,51.0,33.0
2025-02-08,33.0,34.0,43.0,32.0
2025-02-09,18.0,16.0,20.0,16.0
2025-02-10,26.0,25.0,31.0,26.0
2025-02-11,29.0,28.0,41.0,29.0
2025-02-12,29.0,26.0,31.0,25.0
2025-02-13,43.0,45.0,53.0,43.0
2025-02-14,23.0,24.0,33.0,24.0
2025-02-15,23.0,20.0,29.0,22.0
2025-02-16,32.0,33.0,45.0,33.0
2025-02-17,28.0,32.0,41.0,31.0
2025-02-18,30.0,35.0,43.0,34.0
2025-02-19,27.0,33.0,37.0,29.0
2025-02-20,48.0,50.0,61.0,49.0
2025-02-21,81.0,81.0,99.0,83.0
2025-02-22,91.0,102.0,109.0,88.0
2025-02-23,80.0,90.0,95.0,81.0
2025-02-24,94.0,110.0,115.0,99.0
2025-02-25,78.0,98.0,72.0,86.0
2025-02-26,32.0,35.0,35.0,35.0
2025-02-27,30.0,32.0,45.0,34.0
2025-02-28,32.0,33.0,52.0,34.0
2025-03-01,16.0,17.0,23.0,16.0
2025-03-02,22.0,19.0,31.0,19.0
2025-03-03,38.0,35.0,45.0,37.0
2025-03-04,55.0,52.0,66.0,53.0
2025-03-05,55.0,59.0,74.0,59.0
2025-03-06,45.0,46.0,66.0,48.0
2025-03-07,48.0,46.0,71.0,46.0
2025-03-08,55.0,57.0,73.0,56.0
2025-03-09,52.0,56.0,67.0,53.0
2025-03-10,23.0,26.0,31.0,24.0
2025-03-11,23.0,23.0,33.0,25.0
2025-03-12,12.0,11.0,21.0,14.0
2025-03-13,15.0,15.0,23.0,18.0
2025-03-14,8.0,7.0,13.0,9.0
2025-03-15,9.0,4.0,16.0,9.0
2025-03-16,11.0,8.0,9.0,13.0
2025-03-17,15.0,15.0,23.0,19.0
2025-03-18,12.0,11.0,21.0,14.0
2025-03-19,29.0,25.0,41.0,25.0
2025-03-20,38.0,37.0,56.0,44.0
2025-03-21,57.0,57.0,85.0,55.0
2025-03-22,33.0,36.0,49.0,34.0
2025-03-23,12.0,6.0,12.0,11.0
2025-03-24,17.0,12.0,20.0,17.0
2025-03-25,26.0,24.0,36.0,27.0
2025-03-26,20.0,20.0,29.0,22.0
2025-03-27,21.0,17.0,27.0,22.0
2025-03-28,20.0,16.0,49.0,21.0
2025-03-29,10.0,5.0,18.0,13.0
2025-03-30,13.0,,14.0,14.0
2025-03-31,11.0,10.0,12.0,10.0
2025-04-01,14.0,8.0,19.0,13.0
2025-04-02,17.0,19.0,28.0,19.0
2025-04-03,28.0,,33.0,29.0
2025-04-04,39.0,,59.0,39.0
2025-04-05,34.0,,44.0,36.0
2025-04-06,25.0,,33.0,27.0
2025-04-07,22.0,,30.0,23.0
2025-04-08,24.0,19.0,28.0,23.0
2025-04-09,35.0,30.0,54.0,39.0
2025-04-10,39.0,27.0,40.0,37.0
2025-04-11,30.0,29.0,55.0,37.0
2025-04-12,19.0,15.0,15.0,24.0
2025-04-13,12.0,9.0,19.0,13.0
2025-04-14,16.0,14.0,35.0,20.0
2025-04-15,9.0,9.0,12.0,11.0
2025-04-16,18.0,16.0,29.0,23.0
2025-04-17,10.0,10.0,17.0,11.0
2025-04-18,8.0,7.0,10.0,9.0
2025-04-19,13.0,9.0,16.0,12.0
2025-04-20,15.0,11.0,25.0,19.0
2025-04-21,12.0,9.0,13.0,15.0
2025-04-22,16.0,13.0,26.0,17.0
2025-04-23,19.0,16.0,,22.0
2025-04-24,7.0,5.0,,9.0
2025-04-25,9.0,7.0,,11.0
2025-04-26,9.0,7.0,,8.0
2025-04-27,8.0,7.0,,10.0
2025-04-28,16.0,12.0,,18.0
2025-04-29,22.0,17.0,29.0,
2025-04-30,25.0,19.0,34.0,27.0
2025-05-01,24.0,18.0,32.0,26.0
2025-05-02,23.0,19.0,32.0,25.0
2025-05-03,17.0,12.0,23.0,21.0
2025-05-04,15.0,11.0,21.0,17.0
2025-05-05,13.0,13.0,22.0,16.0
2025-05-06,6.0,8.0,10.0,
2025-05-07,9.0,11.0,16.0,11.0
2025-05-08,,12.0,22.0,19.0
2025-05-09,12.0,11.0,20.0,15.0
2025-05-10,14.0,10.0,20.0,16.0
2025-05-11,13.0,9.0,20.0,16.0
2025-05-12,13.0,13.0,19.0,16.0
2025-05-13,13.0,12.0,22.0,14.0
2025-05-14,16.0,12.0,19.0,
2025-05-15,16.0,13.0,21.0,18.0
2025-05-16,13.0,11.0,20.0,16.0
2025-05-17,14.0,12.0,22.0,14.0
2025-05-18,11.0,8.0,15.0,13.0
2025-05-19,15.0,13.0,21.0,17.0
2025-05-20,17.0,14.0,25.0,17.0
2025-05-21,17.0,14.0,27.0,19.0
2025-05-22,7.0,,11.0,7.0
2025-05-23,9.0,8.0,11.0,10.0
2025-05-24,11.0,10.0,14.0,12.0
2025-05-25,12.0,13.0,19.0,17.0
2025-05-26,11.0,,17.0,16.0
2025-05-27,8.0,,11.0,11.0
2025-05-28,15.0,5.0,24.0,16.0
2025-05-29,10.0,14.0,11.0,12.0
2025-05-30,20.0,21.0,33.0,27.0
2025-05-31,22.0,23.0,36.0,28.0
2025-06-01,15.0,16.0,28.0,22.0
2025-06-02,12.0,14.0,16.0,14.0
2025-06-03,15.0,17.0,22.0,19.0
2025-06-04,21.0,22.0,34.0,28.0
2025-06-05,22.0,22.0,31.0,21.0
2025-06-06,18.0,18.0,22.0,23.0
2025-06-07,18.0,17.0,25.0,24.0
2025-06-08,21.0,22.0,26.0,23.0
2025-06-09,31.0,34.0,,39.0
2025-06-10,27.0,28.0,,28.0
2025-06-11,38.0,39.0,,44.0
2025-06-12,39.0,41.0,55.0,47.0
2025-06-13,41.0,44.0,58.0,48.0
2025-06-14,32.0,35.0,48.0,44.0
2025-06-15,22.0,22.0,31.0,26.0
2025-06-16,18.0,24.0,31.0,27.0
2025-06-17,12.0,13.0,,12.0
2025-06-18,18.0,20.0,26.0,26.0
2025-06-19,22.0,25.0,34.0,29.0
2025-06-20,27.0,30.0,40.0,33.0
2025-06-21,16.0,22.0,33.0,22.0
2025-06-22,12.0,11.0,17.0,17.0
2025-06-23,16.0,15.0,21.0,17.0
2025-06-24,,19.0,26.0,16.0
2025-06-25,20.0,20.0,27.0,27.0
2025-06-26,18.0,21.0,27.0,24.0
2025-06-27,14.0,17.0,22.0,18.0
2025-06-28,18.0,22.0,28.0,23.0
2025-06-29,17.0,18.0,27.0,24.0
2025-06-30,16.0,20.0,23.0,21.0
2025-07-01,17.0,22.0,26.0,27.0
2025-07-02,14.0,17.0,22.0,18.0
2025-07-03,15.0,18.0,26.0,22.0
2025-07-04,20.0,22.0,25.0,26.0
2025-07-05,12.0,15.0,20.0,18.0
2025-07-06,14.0,13.0,23.0,15.0
2025-07-07,11.0,10.0,16.0,14.0
2025-07-08,6.0,9.0,6.0,6.0
2025-07-09,10.0,10.0,12.0,14.0
2025-07-10,15.0,12.0,18.0,17.0
2025-07-11,17.0,15.0,23.0,16.0
2025-07-12,13.0,13.0,18.0,13.0
2025-07-13,13.0,11.0,16.0,13.0
2025-07-14,17.0,15.0,19.0,17.0
2025-07-15,21.0,18.0,22.0,20.0
2025-07-16,24.0,20.0,27.0,23.0
2025-07-17,20.0,17.0,23.0,21.0
2025-07-18,16.0,,20.0,17.0
2025-07-19,19.0,,25.0,23.0
2025-07-20,20.0,,26.0,26.0
2025-07-21,12.0,,15.0,14.0
2025-07-22,,14.0,17.0,17.0
2025-07-23,,22.0,24.0,22.0
2025-07-24,10.0,14.0,20.0,11.0
2025-07-25,15.0,13.0,16.0,
2025-07-26,14.0,13.0,22.0,15.0
2025-07-27,9.0,8.0,8.0,10.0
2025-07-28,11.0,11.0,15.0,11.0
2025-07-29,12.0,10.0,14.0,13.0
2025-07-30,9.0,8.0,11.0,11.0
2025-07-31,15.0,14.0,18.0,19.0
2025-08-01,18.0,17.0,21.0,19.0
2025-08-02,6.0,5.0,9.0,7.0
2025-08-03,9.0,6.0,8.0,8.0
2025-08-04,13.0,10.0,14.0,15.0
2025-08-05,16.0,16.0,21.0,
2025-08-06,17.0,18.0,26.0,20.0
2025-08-07,16.0,16.0,20.0,17.0
2025-08-08,23.0,22.0,29.0,27.0
2025-08-09,25.0,22.0,30.0,28.0
2025-08-10,29.0,27.0,34.0,29.0
2025-08-11,28.0,25.0,34.0,32.0
2025-08-12,30.0,28.0,38.0,37.0
2025-08-13,31.0,32.0,40.0,30.0
2025-08-14,33.0,30.0,39.0,32.0
2025-08-15,26.0,23.0,32.0,29.0
2025-08-16,18.0,14.0,20.0,17.0
2025-08-17,18.0,16.0,22.0,20.0
2025-08-18,20.0,19.0,26.0,24.0
2025-08-19,21.0,21.0,28.0,22.0
2025-08-20,13.0,11.0,20.0,25.0
2025-08-21,9.0,4.0,12.0,12.0
2025-08-22,11.0,7.0,12.0,15.0
2025-08-23,13.0,11.0,17.0,12.0
2025-08-24,11.0,9.0,15.0,12.0
2025-08-25,15.0,12.0,18.0,17.0
2025-08-26,22.0,19.0,26.0,18.0
2025-08-27,25.0,24.0,32.0,26.0
2025-08-28,15.0,15.0,25.0,18.0
2025-08-29,10.0,8.0,12.0,13.0
2025-08-30,6.0,6.0,6.0,7.0
2025-08-31,9.0,7.0,13.0,11.0
2025-09-01,17.0,15.0,23.0,17.0
2025-09-02,10.0,4.0,11.0,12.0
2025-09-03,17.0,15.0,18.0,17.0
2025-09-04,21.0,18.0,25.0,22.0
2025-09-05,,7.0,,19.0
2025-09-06,11.0,11.0,17.0,14.0
2025-09-07,16.0,12.0,22.0,19.0
2025-09-08,27.0,24.0,34.0,29.0
2025-09-09,33.0,34.0,49.0,39.0
2025-09-10,11.0,4.0,16.0,10.0
2025-09-11,17.0,9.0,19.0,21.0
2025-09-12,17.0,13.0,22.0,20.0
2025-09-13,16.0,15.0,22.0,
2025-09-14,13.0,3.0,17.0,
2025-09-15,16.0,15.0,22.0,
2025-09-16,17.0,12.0,20.0,19.0
2025-09-17,18.0,9.0,20.0,16.0
2025-09-18,25.0,21.0,34.0,27.0
2025-09-19,37.0,27.0,50.0,44.0
2025-09-20,42.0,28.0,55.0,48.0
2025-09-21,23.0,14.0,37.0,27.0
2025-09-22,15.0,9.0,22.0,18.0
2025-09-23,17.0,5.0,,20.0
2025-09-24,9.0,2.0,24.0,14.0
2025-09-25,12.0,8.0,23.0,15.0
2025-09-26,12.0,13.0,28.0,13.0
2025-09-27,9.0,5.0,16.0,11.0
2025-09-28,10.0,4.0,15.0,14.0
2025-09-29,17.0,12.0,33.0,
2025-09-30,25.0,22.0,43.0,
2025-10-01,12.0,6.0,21.0,
2025-10-02,16.0,11.0,24.0,
2025-10-03,30.0,,42.0,
2025-10-04,36.0,,60.0,32.0
2025-10-05,11.0,,17.0,11.0
2025-10-06,18.0,16.0,20.0,16.0
2025-10-07,35.0,26.0,44.0,34.0
2025-10-08,48.0,34.0,64.0,44.0
2025-10-09,65.0,,82.0,61.0
2025-10-10,66.0,44.0,89.0,59.0
2025-10-11,65.0,51.0,97.0,63.0
2025-10-12,55.0,41.0,80.0,54.0
2025-10-13,51.0,34.0,70.0,47.0
2025-10-14,41.0,27.0,55.0,40.0
2025-10-15,36.0,24.0,47.0,31.0
2025-10-16,28.0,,37.0,25.0
2025-10-17,31.0,18.0,40.0,28.0
2025-10-18,43.0,26.0,51.0,37.0
2025-10-19,37.0,24.0,49.0,36.0
2025-10-20,35.0,26.0,46.0,33.0
2025-10-21,19.0,14.0,23.0,19.0
2025-10-22,41.0,28.0,49.0,38.0
2025-10-23,30.0,20.0,39.0,33.0
2025-10-24,15.0,11.0,18.0,16.0
2025-10-25,22.0,14.0,32.0,18.0
2025-10-26,13.0,9.0,16.0,14.0
2025-10-27,14.0,12.0,19.0,18.0
2025-10-28,39.0,25.0,43.0,39.0
2025-10-29,47.0,33.0,64.0,47.0
2025-10-30,19.0,15.0,24.0,21.0
2025-10-31,16.0,12.0,21.0,17.0
2025-11-01,27.0,19.0,36.0,26.0
2025-11-02,29.0,17.0,35.0,27.0
2025-11-03,20.0,12.0,16.0,18.0
2025-11-04,25.0,20.0,36.0,28.0
2025-11-05,38.0,25.0,44.0,35.0
2025-11-06,45.0,28.0,50.0,43.0
2025-11-07,36.0,29.0,52.0,
2025-11-08,46.0,31.0,56.0,44.0
2025-11-09,64.0,37.0,70.0,50.0
2025-11-10,61.0,38.0,67.0,53.0
2025-11-11,59.0,35.0,63.0,48.0
2025-11-12,41.0,30.0,49.0,42.0
2025-11-13,42.0,29.0,43.0,33.0
2025-11-14,81.0,54.0,85.0,78.0
2025-11-15,72.0,51.0,88.0,71.0
2025-11-16,35.0,24.0,53.0,32.0
2025-11-17,13.0,11.0,15.0,15.0
2025-11-18,10.0,8.0,15.0,11.0
2025-11-19,16.0,10.0,23.0,17.0
2025-11-20,22.0,14.0,24.0,21.0
2025-11-21,17.0,12.0,21.0,15.0
2025-11-22,17.0,10.0,23.0,12.0
2025-11-23,22.0,12.0,34.0,22.0
2025-11-24,18.0,9.0,22.0,15.0
2025-11-25,32.0,20.0,30.0,27.0
2025-11-26,39.0,26.0,49.0,32.0
2025-11-27,33.0,22.0,48.0,27.0
2025-11-28,43.0,27.0,51.0,43.0
2025-11-29,53.0,32.0,69.0,51.0
2025-11-30,55.0,35.0,66.0,52.0
2025-12-01,34.0,24.0,41.0,34.0
2025-12-02,43.0,28.0,46.0,40.0
2025-12-03,55.0,34.0,63.0,54.0
2025-12-04,33.0,20.0,42.0,32.0
2025-12-05,30.0,21.0,34.0,30.0
2025-12-06,37.0,,47.0,36.0
2025-12-07,40.0,28.0,50.0,38.0
2025-12-08,44.0,29.0,51.0,47.0
2025-12-09,55.0,36.0,61.0,44.0
2025-12-10,57.0,37.0,62.0,54.0
2025-12-11,68.0,44.0,74.0,62.0
2025-12-12,48.0,32.0,57.0,44.0
2025-12-13,45.0,27.0,50.0,40.0
2025-12-14,55.0,32.0,67.0,47.0
2025-12-15,62.0,43.0,73.0,56.0
2025-12-16,38.0,24.0,49.0,36.0
2025-12-17,15.0,12.0,16.0,12.0
2025-12-18,29.0,17.0,31.0,26.0
2025-12-19,41.0,32.0,47.0,39.0
2025-12-20,59.0,42.0,58.0,57.0
2025-12-21,38.0,25.0,45.0,35.0
2025-12-22,31.0,19.0,40.0,29.0
2025-12-23,26.0,17.0,34.0,24.0
2025-12-24,13.0,10.0,22.0,15.0
2025-12-25,10.0,6.0,10.0,7.0
2025-12-26,10.0,6.0,14.0,10.0
2025-12-27,22.0,12.0,25.0,22.0
2025-12-28,28.0,18.0,35.0,27.0
2025-12-29,36.0,24.0,48.0,35.0
2025-12-30,46.0,32.0,54.0,41.0
2025-12-31,28.0,20.0,39.0,27.0
2026-01-01,256.0,90.0,269.0,120.0
2026-01-02,51.0,35.0,57.0,47.0
2026-01-03,53.0,40.0,63.0,51.0
2026-01-04,47.0,34.0,51.0,41.0
2026-01-05,26.0,22.0,50.0,34.0
2026-01-06,35.0,27.0,48.0,36.0
2026-01-07,32.0,23.0,39.0,28.0
2026-01-08,52.0,37.0,62.0,50.0
2026-01-09,63.0,51.0,72.0,63.0
2026-01-10,58.0,53.0,74.0,60.0
2026-01-11,15.0,19.0,21.0,16.0
2026-01-12,45.0,36.0,56.0,44.0
2026-01-13,46.0,40.0,53.0,40.0
2026-01-14,41.0,31.0,44.0,39.0
2026-01-15,53.0,42.0,59.0,47.0
2026-01-16,63.0,48.0,71.0,60.0
2026-01-17,63.0,49.0,69.0,59.0
2026-01-18,37.0,28.0,51.0,38.0
2026-01-19,23.0,21.0,32.0,23.0
2026-01-20,37.0,29.0,50.0,37.0
2026-01-21,59.0,44.0,74.0,53.0
2026-01-22,69.0,56.0,77.0,62.0
2026-01-23,54.0,44.0,58.0,49.0
2026-01-24,31.0,25.0,35.0,31.0
2026-01-25,19.0,15.0,23.0,18.0
2026-01-26,24.0,22.0,26.0,27.0
2026-01-27,36.0,33.0,51.0,33.0
2026-01-28,12.0,9.0,15.0,10.0
2026-01-29,30.0,25.0,31.0,32.0
2026-01-30,41.0,35.0,46.0,39.0
2026-01-31,48.0,41.0,60.0,45.0
2026-02-01,51.0,40.0,62.0,49.0
2026-02-02,54.0,43.0,66.0,
2026-02-03,20.0,15.0,21.0,18.0
2026-02-04,18.0,14.0,21.0,17.0
2026-02-05,23.0,17.0,24.0,25.0
2026-02-06,12.0,12.0,19.0,11.0
2026-02-07,31.0,27.0,43.0,33.0
2026-02-08,48.0,39.0,59.0,
2026-02-09,40.0,34.0,54.0,38.0
2026-02-10,27.0,25.0,45.0,27.0
2026-02-11,19.0,14.0,22.0,19.0
2026-02-12,25.0,20.0,29.0,25.0
2026-02-13,21.0,20.0,28.0,22.0
2026-02-14,18.0,16.0,24.0,15.0
2026-02-15,18.0,14.0,21.0,19.0
2026-02-16,21.0,22.0,34.0,20.0
2026-02-17,12.0,13.0,14.0,15.0
2026-02-18,23.0,19.0,,21.0
2026-02-19,17.0,13.0,24.0,17.0
2026-02-20,20.0,21.0,26.0,20.0
2026-02-21,23.0,18.0,29.0,24.0
2026-02-22,41.0,34.0,52.0,40.0
2026-02-23,56.0,47.0,68.0,54.0
2026-02-24,56.0,49.0,65.0,54.0
2026-02-25,51.0,45.0,65.0,54.0
2026-02-26,46.0,38.0,57.0,45.0
2026-02-27,54.0,47.0,76.0,53.0
2026-02-28,27.0,20.0,34.0,25.0
2026-03-01,48.0,41.0,59.0,48.0
2026-03-02,45.0,42.0,57.0,42.0
2026-03-03,48.0,37.0,53.0,42.0
2026-03-04,59.0,51.0,67.0,57.0
2026-03-05,54.0,50.0,68.0,52.0
2026-03-06,62.0,53.0,68.0,57.0
2026-03-07,55.0,48.0,66.0,56.0
2026-03-08,45.0,38.0,56.0,44.0
2026-03-09,51.0,46.0,60.0,51.0
2026-03-10,60.0,53.0,71.0,59.0
2026-03-11,59.0,53.0,66.0,57.0
2026-03-12,38.0,34.0,49.0,40.0
2026-03-13,45.0,35.0,49.0,42.0
2026-03-14,25.0,22.0,38.0,25.0
2026-03-15,7.0,8.0,10.0,7.0
2026-03-16,13.0,12.0,14.0,16.0
2026-03-17,12.0,13.0,18.0,11.0
2026-03-18,14.0,12.0,15.0,12.0
2026-03-19,28.0,22.0,26.0,
2026-03-20,28.0,22.0,43.0,
2026-03-21,31.0,28.0,43.0,
2026-03-22,25.0,22.0,33.0,
2026-03-23,32.0,26.0,35.0,
2026-03-24,42.0,36.0,49.0,
2026-03-25,32.0,30.0,45.0,
2026-03-26,8.0,12.0,7.0,7.0
2026-03-27,8.0,11.0,7.0,9.0
2026-03-28,15.0,13.0,21.0,16.0
2026-03-29,12.0,11.0,13.0,12.0
2026-03-30,11.0,9.0,12.0,8.0
2026-03-31,10.0,15.0,11.0,10.0
2026-04-01,10.0,10.0,14.0,11.0
2026-04-02,22.0,20.0,37.0,22.0
2026-04-03,25.0,24.0,27.0,
2026-04-04,25.0,27.0,40.0,31.0
2026-04-05,22.0,21.0,35.0,26.0
2026-04-06,14.0,15.0,19.0,16.0
2026-04-07,17.0,16.0,19.0,18.0
2026-04-08,30.0,22.0,26.0,25.0
2026-04-09,32.0,24.0,35.0,32.0
2026-04-10,31.0,24.0,38.0,31.0
2026-04-11,26.0,19.0,,27.0
2026-04-12,24.0,19.0,,25.0
2026-04-13,25.0,18.0,,22.0
2026-04-14,16.0,,18.0,17.0
2026-04-15,27.0,20.0,27.0,29.0
2026-04-16,39.0,29.0,39.0,33.0
2026-04-17,35.0,26.0,47.0,33.0
2026-04-18,29.0,23.0,37.0,32.0
2026-04-19,15.0,11.0,21.0,18.0
2026-04-20,20.0,17.0,25.0,24.0
2026-04-21,12.0,11.0,18.0,13.0
2026-04-22,11.0,9.0,12.0,14.0
2026-04-23,20.0,15.0,22.0,22.0
2026-04-24,22.0,18.0,28.0,24.0
2026-04-25,13.0,14.0,18.0,18.0
2026-04-26,16.0,14.0,21.0,20.0
2026-04-27,21.0,16.0,26.0,22.0
2026-04-28,24.0,21.0,30.0,25.0
2026-04-29,20.0,18.0,25.0,21.0
2026-04-30,15.0,13.0,21.0,19.0
